length,ID,local_AA,local_CA,global_AA,global_CA
14,1ZAN_1,5.244,4.098,10.237,8.213
12,4NJA_1,0.694,0.257,0.946,0.568
8,1G7I_1,0.450,0.158,0.642,0.358
13,4EDW_1,0.651,0.35,0.838,0.652
7,4UOK_1,3.795,2.335,5.578,3.053
22,5KAQ_1,6.487,5.587999999999999,12.109,11.852
3,4WHY_4,0.373,0.055,0.700,0.515
20,6MAM_1,7.747,5.574,9.922,7.5329999999999995
22,4FZ8_1,5.317,3.4730000000000003,7.001,5.928
10,5FEC_1,0.623,0.174,0.910,0.43200000000000005
10,1EAP_1,4.905,2.714,8.971,6.704
8,1KIQ_1,0.345,0.135,0.481,0.253
13,1W72_1,3.986,2.476,5.062,3.2969999999999997
16,4IDJ_1,5.441,2.967,6.045,4.7
9,3CLE_1,0.479,0.12,0.522,0.177
10,4LLY_1,1.542,1.2009999999999998,1.799,1.876
16,6D11_1,4.055,3.7680000000000002,9.331,9.854
11,4MHH_1,0.329,0.147,0.357,0.21899999999999997
20,4IOF_1,0.728,0.4,1.460,0.485
21,6CA9_1,8.910,7.524,18.344,17.535
10,4HJ0_1,3.302,2.552,5.720,5.372999999999999
11,1NCB_1,0.539,0.271,0.560,0.303
16,5BK1_1,0.264,0.159,0.601,0.516
18,5TPP_1,1.822,0.266,2.006,0.851
13,4UV7_1,5.298,3.1310000000000002,5.774,3.924
16,3I75_1,5.466,3.616,6.556,5.0969999999999995
10,5N7W_1,2.412,1.284,3.995,2.424
8,6R2S_1,1.727,0.542,2.471,1.676
21,4YDJ_1,7.849,6.542999999999999,10.683,9.599
7,5X5X_1,1.304,0.985,2.916,2.6039999999999996
16,4YFL_1,0.924,0.5760000000000001,2.279,2.03
20,6E4X_1,5.623,4.3,11.193,11.273
8,4QXG_1,1.992,1.2109999999999999,2.305,1.8019999999999998
10,1UYW_1,2.429,1.4569999999999999,3.363,2.367
5,2YSS_1,0.771,0.154,0.906,0.285
10,1JGU_1,3.613,1.992,4.011,2.339
15,3BAE_1,1.219,0.62,1.373,1.052
7,5WHJ_1,2.248,1.151,2.813,1.734
5,1GGI_1,3.338,1.8659999999999999,3.810,3.034
12,2G5B_1,3.655,2.519,4.808,3.2560000000000002
16,4KTD_1,5.129,4.311,7.057,6.477
18,4XVJ_1,2.533,1.131,2.629,1.5530000000000002
11,3J42_1,0.516,0.1,0.547,0.155
15,1YED_1,4.680,2.353,7.626,5.372000000000001
10,1RMF_1,3.374,2.15,3.988,2.9739999999999998
8,4K9E_1,0.361,0.203,0.552,0.424
10,5I15_1,1.848,1.173,3.161,2.458
12,4JDT_1,3.184,1.85,3.994,3.252
14,2QQN_1,5.700,3.7960000000000003,10.358,8.584
5,5TDO_2,0.768,0.769,0.821,0.8759999999999999
6,5D72_1,0.319,0.142,0.602,0.552
13,3KDM_1,3.169,1.4709999999999999,3.814,1.895
17,4M8Q_1,3.271,2.6430000000000002,5.307,4.176
10,4ISV_1,1.533,1.208,1.693,1.354
11,4JQI_1,4.044,1.61,4.466,1.926
13,6A78_2,1.852,0.599,2.477,1.5190000000000001
8,1I7Z_1,3.346,2.5540000000000003,4.412,4.1419999999999995
11,12E8_1,4.083,2.093,4.555,2.6439999999999997
13,4ODV_1,3.067,1.5819999999999999,4.176,2.9219999999999997
10,5EZI_1,3.174,2.3890000000000002,3.632,2.909
11,3RAJ_1,3.881,3.053,4.455,3.739
13,6DDV_1,3.631,2.548,5.121,4.425
8,1PLG_1,2.477,1.266,3.093,2.352
10,2ZJS_1,2.484,1.49,4.058,2.824
11,5VXR_1,3.517,2.121,3.827,2.3280000000000003
14,5K9J_1,4.332,2.948,6.777,5.195
10,5UEA_1,0.679,0.145,0.871,0.514
7,4FAB_1,,,,
15,4K7P_2,4.886,2.968,5.878,4.006
10,6IEB_1,2.818,1.834,3.641,3.533
4,2Y6S_1,1.448,0.32899999999999996,1.788,1.5830000000000002
18,3GRW_1,1.364,0.371,2.246,1.859
16,4OM1_1,0.285,0.132,0.298,0.16899999999999998
11,5ZIA_1,3.182,1.784,4.045,3.125
25,6QN8_1,1.550,0.672,2.202,1.4709999999999999
4,2R4R_1,1.232,0.45899999999999996,2.046,1.3719999999999999
14,2AAB_1,3.957,2.693,4.617,3.259
11,1KEN_1,4.735,2.9360000000000004,6.785,5.523
11,6DKJ_1,2.996,2.23,4.890,4.373
4,1NSN_1,2.046,1.175,3.968,2.503
9,1ORQ_1,0.946,0.33899999999999997,0.963,0.502
19,3BN9_1,5.819,4.506,10.927,9.363
5,2DQD_1,0.901,0.131,1.015,0.39299999999999996
7,6MH2_1,2.645,1.493,3.405,2.035
14,4M6O_1,3.849,2.6910000000000003,4.279,3.235
15,5WEQ_1,0.914,0.193,0.980,0.312
14,2QSC_1,3.755,2.248,4.762,3.6719999999999997
8,4ONG_1,1.911,1.824,2.230,2.218
8,5TLJ_1,0.966,0.7809999999999999,1.201,1.113
9,2JEL_1,3.823,1.412,3.885,1.5759999999999998
19,6JEP_1,5.182,3.592,6.350,5.0760000000000005
8,5XCV_1,0.922,0.2,1.420,1.026
12,5FB8_1,2.988,1.639,4.374,2.535
5,2DQG_1,1.042,0.11699999999999999,1.117,0.359
5,2DQF_1,0.360,0.115,0.502,0.259
12,4ZS7_1,1.564,0.8190000000000001,1.812,1.21
18,3LH2_3,2.957,1.9169999999999998,7.448,6.7379999999999995
9,5IES_1,0.428,0.16899999999999998,0.896,0.846
15,5W23_1,4.274,3.8280000000000003,6.033,6.005
10,5EPM_1,4.587,2.826,6.478,4.515
18,5CIL_1,1.006,0.495,1.187,0.649
13,6H3U_1,4.890,3.0239999999999996,6.918,5.351
11,1N4X_1,3.433,2.011,3.500,2.617
11,3IY3_1,4.942,2.323,5.448,3.596
10,5KEN_3,3.927,2.07,6.836,5.972
6,2AI0_1,3.469,1.8940000000000001,3.526,2.123
7,1NJ9_1,2.350,1.6669999999999998,2.678,2.021
8,2BDN_1,4.656,2.036,6.039,4.979
5,3NZH_1,3.270,2.073,4.037,3.3089999999999997
8,5IK3_1,2.951,2.437,3.275,2.753
11,4X4X_1,1.530,0.248,1.720,0.509
11,4A6Y_2,3.037,1.666,3.214,2.218
12,1KFA_1,3.828,2.028,4.364,2.937
17,3MLW_1,5.505,3.897,10.218,10.181000000000001
15,5UKO_1,0.694,0.36200000000000004,0.886,0.6709999999999999
7,3G5Z_1,0.707,0.5,0.986,0.6629999999999999
7,4UOM_1,3.820,2.34,5.561,2.99
10,1A4J_1,0.723,0.273,0.814,0.47200000000000003
12,5WKZ_1,2.483,1.3630000000000002,2.963,1.8090000000000002
24,4R26_1,1.098,0.46799999999999997,1.805,1.325
14,4QWW_1,4.541,3.645,6.404,6.162000000000001
14,6FY1_2,1.107,0.308,1.184,0.556
7,4ZPT_1,1.233,0.435,1.303,0.562
13,3MCK_1,2.688,2.274,3.140,2.668
9,3CLF_1,0.509,0.126,0.587,0.152
9,6DF0_1,0.359,0.14800000000000002,0.372,0.209
13,3G6A_1,3.173,1.9569999999999999,5.108,3.5810000000000004
13,3IFP_1,4.507,3.1719999999999997,6.448,6.0760000000000005
22,5U3J_1,6.863,5.24,11.777,10.324000000000002
10,4GAY_2,0.548,0.265,0.711,0.606
11,5CD3_1,4.197,2.6719999999999997,5.566,3.9010000000000002
8,1A7O_1,1.850,0.159,2.012,0.34700000000000003
9,6GV1_1,3.233,1.795,3.896,2.6180000000000003
11,4LEO_1,3.704,1.989,4.485,2.725
11,1D5B_1,2.624,0.6779999999999999,3.283,1.411
20,5WOB_8,0.662,0.268,0.723,0.425
12,4TPR_1,3.675,2.963,3.964,3.63
14,6AO0_1,6.541,4.488,13.663,12.71
11,4R97_1,3.363,1.851,4.459,2.635
11,1AE6_1,1.862,1.148,2.437,2.213
4,5GGQ_1,3.874,2.025,4.949,3.827
9,4RZC_3,0.646,0.16899999999999998,0.680,0.188
10,1MJ8_1,3.009,0.963,5.704,3.647
8,5JHL_1,2.861,1.3980000000000001,3.387,1.885
24,4FQ2_1,1.057,0.433,1.928,1.6680000000000001
5,6AMM_1,4.030,3.153,5.837,4.261
9,6DG2_1,2.704,1.124,4.054,2.412
10,2CMR_1,4.314,2.8510000000000004,5.287,4.364
9,4RNR_2,3.173,1.933,3.724,2.372
20,5BZD_1,2.351,1.439,3.590,3.115
3,4WHT_1,0.167,0.04,0.557,0.466
8,4BZ1_1,2.120,1.224,3.182,2.242
15,4Y5X_1,4.960,4.1160000000000005,5.633,5.769
15,6CBV_1,2.426,1.055,3.110,1.8430000000000002
15,1FN4_1,8.766,7.006,15.872,15.665999999999999
10,5I19_1,1.456,1.0659999999999998,2.531,2.4859999999999998
13,4YDI_1,1.281,0.37799999999999995,1.385,0.638
9,2FAT_1,3.629,1.633,4.162,3.014
19,5C8J_1,7.441,4.919,9.959,8.919
13,1NMC_1,0.612,0.32799999999999996,0.672,0.522
21,4NRZ_1,4.419,2.496,5.697,4.325
8,5TFS_1,1.825,0.547,1.916,0.903
15,3UJJ_1,4.903,4.052,10.235,9.148
7,5KVE_1,4.559,2.443,5.334,4.709
5,2OZ4_1,0.967,0.174,1.046,0.337
7,5F3H_1,1.842,0.507,1.994,0.731
10,1LK3_1,3.693,1.844,3.971,2.675
11,3PHO_1,1.417,0.7559999999999999,2.670,1.996
11,5UTZ_1,2.769,1.714,3.528,3.307
10,6IEC_1,3.699,2.199,6.694,5.484
16,6APB_1,4.288,2.286,9.038,9.336
13,3O2D_1,5.167,3.485,6.155,4.619
11,3DVN_1,0.514,0.145,0.633,0.373
9,3KS0_1,3.236,2.366,4.099,3.944
3,4XXD_1,0.299,0.10400000000000001,0.524,0.40700000000000003
13,4LSQ_1,1.747,0.489,2.201,0.807
9,5XXY_1,0.544,0.138,0.572,0.3
11,1FRG_1,3.789,1.959,4.202,2.436
14,5IT2_1,3.507,2.28,4.284,3.4739999999999998
17,6IUV_1,5.277,2.8989999999999996,8.313,8.177999999999999
12,5Y2K_3,3.106,2.26,3.863,3.279
18,2A9N_1,5.208,4.074,5.400,4.829
9,4QHK_3,2.758,2.394,3.372,3.153
13,4U1G_1,3.565,2.424,3.854,2.966
13,6N5B_1,3.429,2.591,4.390,3.662
12,1JFQ_1,1.748,0.179,1.827,0.249
22,6CA6_1,3.928,3.213,11.169,10.73
8,3S35_1,4.606,2.242,5.111,3.464
18,5FGC_1,2.229,1.187,2.532,1.58
11,5JQD_1,0.560,0.217,0.971,0.747
12,5JO5_1,2.703,1.6059999999999999,3.048,1.896
11,4NKI_1,2.898,2.035,4.140,3.7460000000000004
16,4N9G_2,1.039,0.278,1.048,0.376
12,8FAB_1,1.789,0.848,2.323,1.821
9,5EOQ_1,1.756,0.983,3.452,2.498
9,5W4L_2,2.502,1.04,4.060,2.7769999999999997
7,3G5V_1,1.274,0.161,1.634,0.294
12,4NM4_1,4.128,2.675,7.483,5.572
12,4LSS_1,0.490,0.16699999999999998,0.550,0.36700000000000005
12,3C09_1,1.050,0.531,1.401,1.137
10,2O5X_1,1.372,0.371,1.812,0.8490000000000001
19,6MID_1,6.211,4.056,6.797,5.125
11,1FGV_1,4.063,2.805,4.293,3.26
11,4HG4_1,0.713,0.233,0.767,0.315
3,3QNZ_1,2.661,2.5810000000000004,4.674,4.507
16,3RA7_1,5.193,4.023,6.228,5.165
13,4QNP_1,4.708,3.025,5.575,3.995
15,5USL_1,1.005,0.355,1.528,1.052
8,3ZKM_1,3.062,1.724,5.167,3.384
11,3OKD_1,0.649,0.18600000000000003,0.666,0.233
7,5D6C_1,1.706,1.215,2.694,3.029
13,1XIW_1,5.073,3.437,6.361,4.771
8,4LQF_1,1.955,0.951,3.396,2.5660000000000003
11,6AVN_1,3.314,1.7109999999999999,4.073,2.784
12,1OSP_1,4.756,2.542,6.343,3.7119999999999997
7,5XCR_1,0.501,0.138,0.564,0.183
15,4XCN_6,1.430,1.432,1.508,1.639
10,1BLN_1,2.967,1.263,3.276,1.514
9,2ADF_1,4.080,2.219,4.473,2.434
7,4OCX_1,4.233,1.3940000000000001,5.386,2.853
12,4J6R_1,2.115,0.895,2.342,1.319
6,1A5F_1,4.154,2.14,4.543,3.1289999999999996
13,6DZL_1,2.593,1.516,2.926,2.136
18,2OR9_1,5.821,3.9960000000000004,11.882,9.312999999999999
4,5TQQ_1,1.234,0.298,1.518,0.823
7,4D3C_1,2.737,0.27699999999999997,2.836,1.034
5,1XGQ_1,0.956,0.13,1.010,0.309
16,4KTE_1,2.473,1.043,3.267,2.072
5,1GPO_1,2.055,0.644,2.539,1.496
10,3EOT_1,0.969,0.34,1.158,0.8270000000000001
16,6BP2_1,4.638,3.555,6.604,6.256
4,5V6M_1,1.882,0.33299999999999996,2.288,0.997
13,5T5F_1,4.951,3.07,7.187,5.91
11,6CXY_1,4.320,2.6660000000000004,4.612,3.202
9,4DVB_1,2.868,1.91,5.533,4.212
12,1IL1_1,5.626,3.0010000000000003,9.316,6.782
15,5USL_2,0.808,0.424,2.586,2.591
10,1F11_1,3.715,2.4459999999999997,4.308,3.7119999999999997
7,5KVG_1,1.997,1.095,2.423,1.886
11,5FHA_1,2.579,2.189,3.514,3.2430000000000003
11,2FL5_1,2.040,1.556,3.458,3.236
12,1HEZ_1,0.818,0.292,0.925,0.7040000000000001
8,6I04_1,1.905,0.9009999999999999,3.167,2.352
12,5OCC_1,4.787,3.0610000000000004,7.789,5.8870000000000005
9,3TT3_1,2.720,2.7710000000000004,4.032,3.622
17,4HPO_1,0.692,0.27,0.846,0.545
10,2A77_1,5.445,3.139,6.962,4.587
9,3I2C_1,2.501,1.815,3.201,2.224
10,4M1G_1,2.247,0.981,2.395,1.199
25,4OCS_1,5.683,3.846,12.410,11.8
10,4DCQ_1,1.415,0.38299999999999995,1.616,0.748
11,1FVE_1,1.236,0.27,1.293,0.345
11,4JZJ_1,2.972,1.841,3.374,2.715
11,2Y07_1,2.517,0.971,2.836,2.15
8,1CIC_2,2.110,1.578,3.633,3.162
12,3WD5_1,1.076,0.48700000000000004,1.614,1.3090000000000002
5,1XGP_1,0.979,0.064,1.074,0.302
17,5UDD_6,0.902,0.536,1.010,0.769
18,4MWF_1,1.298,0.688,1.474,1.061
16,6DB5_1,4.727,3.12,8.098,7.0120000000000005
8,1KIR_1,0.791,0.155,0.898,0.335
9,5CMA_1,3.883,1.9169999999999998,4.044,3.097
10,1FOR_1,1.920,0.9179999999999999,2.355,1.7380000000000002
11,5NUZ_1,3.268,1.722,4.496,3.781
16,6OBZ_1,4.053,3.639,6.224,6.001
10,4LLU_2,0.438,0.135,0.453,0.22
11,4KVC_1,0.529,0.156,0.543,0.18100000000000002
10,4YBQ_1,2.717,1.475,7.572,7.97
10,3QPX_1,3.812,2.324,5.322,3.168
14,3CMO_1,3.965,2.504,5.537,4.548
18,2A9M_1,5.256,4.093,5.514,4.829
16,5IBU_1,1.828,0.87,4.326,3.26
14,3LRS_1,1.012,0.462,1.263,0.9990000000000001
10,1C1E_1,1.535,0.395,1.924,0.7709999999999999
7,6GC2_1,1.383,0.457,1.708,0.912
19,3TWC_1,0.899,0.212,1.011,0.391
6,1Z3G_1,2.787,1.7990000000000002,4.626,3.887
11,5TDN_1,0.281,0.235,0.362,0.439
9,1IGT_1,1.826,1.262,3.554,2.7230000000000003
14,3V6F_1,4.778,3.716,5.668,5.6979999999999995
16,3H3P_1,1.718,1.3259999999999998,1.810,1.6030000000000002
11,5GZ0_1,0.703,0.19699999999999998,0.739,0.331
13,1R24_1,1.706,0.691,1.850,0.748
8,5XCV_2,0.960,0.2,1.001,0.321
10,1ZTX_1,4.722,2.6060000000000003,5.148,2.8480000000000003
8,1A2Y_1,0.730,0.158,0.796,0.35100000000000003
11,1EJO_1,4.440,2.4459999999999997,4.746,2.7119999999999997
12,1R70_1,3.127,3.127,5.967,5.962999999999999
16,3LMJ_1,5.724,3.946,6.080,4.622
10,4HGW_1,6.142,2.3819999999999997,6.827,4.248
17,4K3D_1,3.630,1.6030000000000002,4.014,2.801
13,4ODS_1,1.605,0.23600000000000002,2.009,1.161
18,5TUD_1,5.443,3.3480000000000003,7.475,6.074
19,5CCK_1,1.076,0.409,1.412,1.183
7,1FLR_1,1.894,0.465,2.158,1.26
11,3DVG_1,0.501,0.162,0.591,0.326
12,6FAB_1,1.697,0.193,1.871,0.239
12,3J6U_1,3.624,3.6239999999999997,6.802,6.784
24,4UV4_1,5.449,3.324,17.752,16.574
11,6B0H_1,4.041,1.8880000000000001,4.944,3.8510000000000004
8,4P59_1,2.757,1.304,3.243,2.271
18,5U15_1,2.240,1.415,2.609,1.614
9,4R7D_1,1.390,0.708,1.508,0.91
15,3EFF_1,0.941,0.5,0.973,0.526
11,6GFE_1,2.670,1.5319999999999998,2.936,1.9909999999999999
5,2DQI_1,1.354,0.397,1.501,0.741
11,4HLZ_1,1.083,0.546,1.416,1.1
8,6IAP_1,1.622,1.392,1.809,1.7830000000000001
11,1AD9_1,2.025,1.102,2.696,2.242
4,4OKV_1,1.109,0.297,1.780,0.868
16,1ETZ_1,4.994,3.7260000000000004,5.823,4.885
17,6N8D_1,5.622,4.145,7.541,7.093
15,5W6C_1,0.909,0.41700000000000004,1.150,0.785
14,6CW3_1,4.666,2.79,8.058,7.477
10,4Q0X_1,2.085,1.139,2.742,1.338
13,4J8R_1,2.797,1.517,3.673,2.583
12,5BK5_1,0.908,0.38299999999999995,1.217,0.843
12,6GK8_1,0.315,0.16699999999999998,0.447,0.353
10,5I18_1,4.033,2.384,5.562,5.2010000000000005
11,3U9P_2,0.484,0.207,1.125,1.127
10,4YHO_1,2.722,1.3730000000000002,2.833,1.746
3,2Q8B_1,0.150,0.026000000000000002,0.274,0.223
9,3QUM_1,4.579,1.2790000000000001,4.859,2.082
11,4CMH_1,2.464,1.774,3.790,2.9530000000000003
10,4HS6_1,0.628,0.08900000000000001,0.725,0.456
21,4NPY_2,7.965,6.093999999999999,11.594,10.375
16,4F58_1,0.716,0.297,0.905,0.619
17,4YDV_1,4.944,3.534,9.395,8.644
1,6ANP_1,,,,
11,6B08_1,0.230,0.161,0.489,0.45799999999999996
19,6BKC_1,5.629,4.944,8.033,8.096
20,5BZW_1,2.241,1.425,3.357,3.116
20,5TFW_1,0.303,0.16,0.691,0.507
13,6R8X_1,4.573,2.951,5.537,4.601
8,3AB0_1,1.906,0.604,2.297,1.714
11,5OCK_1,0.438,0.39899999999999997,0.491,0.521
10,1A4K_1,0.735,0.242,0.779,0.43200000000000005
11,5JO4_1,0.878,0.613,1.104,0.953
19,6MTS_1,2.304,1.419,2.688,2.326
9,2GSI_3,4.599,3.109,6.798,5.757999999999999
11,5B8C_1,1.255,0.207,1.375,0.667
6,5DR5_1,4.128,2.0780000000000003,7.039,4.968999999999999
10,4LLW_1,1.319,1.093,1.529,1.76
12,4FQY_1,0.276,0.086,0.317,0.105
6,3CFB_1,0.620,0.128,0.812,0.428
6,1BAF_1,2.252,0.8340000000000001,3.402,2.556
9,4MXV_1,2.127,1.05,2.702,1.911
13,5GJT_1,0.879,0.331,0.936,0.484
12,3NAA_1,0.763,0.114,0.790,0.27399999999999997
9,1JHL_1,1.806,0.8340000000000001,2.749,1.8259999999999998
17,1F58_1,4.066,2.367,9.785,8.62
11,2H1P_1,1.262,0.354,1.694,0.9470000000000001
8,1G7H_1,1.114,0.168,1.272,0.5
9,6CUE_2,1.506,0.635,1.749,1.0659999999999998
13,3FO0_1,2.178,0.895,2.422,1.0290000000000001
21,4HF5_1,5.664,4.247,9.193,9.209
21,5U3P_1,0.809,0.42700000000000005,1.250,0.851
9,3B9K_1,3.513,2.3819999999999997,4.740,3.839
12,4X0K_1,0.864,0.27899999999999997,1.090,0.595
23,4S1R_1,1.494,0.8240000000000001,1.963,1.375
8,5ANM_2,2.276,1.999,2.830,2.862
19,5UEL_1,7.640,5.974,12.435,12.308
10,5I9Q_1,1.333,0.35,1.526,1.082
11,6FBJ_1,3.516,2.6,3.799,2.927
12,3BGF_1,5.827,3.44,5.990,3.6719999999999997
18,6MEE_2,0.586,0.242,1.378,1.236
12,3NAB_1,0.417,0.16699999999999998,0.479,0.36
11,1NCA_1,0.535,0.248,0.550,0.27899999999999997
14,5Y9F_1,5.215,3.034,7.744,6.294
10,4K3J_1,3.348,1.704,4.362,2.7880000000000003
10,5I1C_1,1.323,0.5589999999999999,1.419,0.772
13,4PB9_1,3.706,1.8630000000000002,5.475,3.7939999999999996
11,3U9P_1,0.315,0.19899999999999998,0.486,0.48200000000000004
4,4TRP_1,1.207,0.39299999999999996,2.491,2.283
9,6DF2_1,0.411,0.16699999999999998,0.447,0.27399999999999997
12,6BQB_1,3.677,2.888,4.536,3.636
17,3X3F_1,5.619,3.2939999999999996,7.300,5.261
12,1MNU_1,3.762,2.367,5.199,3.708
16,5Y2K_1,4.635,3.448,5.120,4.1080000000000005
10,4U6H_1,5.178,2.698,5.678,3.0380000000000003
26,4NUG_1,7.851,6.678999999999999,12.106,11.036
10,6NOV_1,2.985,2.949,4.175,4.152
8,1FL5_1,2.662,1.874,2.964,1.975
14,4GSD_1,3.675,2.8169999999999997,4.188,3.9360000000000004
12,3PIQ_2,4.566,2.694,6.425,4.092
12,5G64_1,3.720,2.095,4.594,2.546
15,5KW9_1,3.970,2.441,7.156,7.006
11,6BGT_1,3.789,2.279,4.049,2.645
9,2NYY_1,0.265,0.159,0.314,0.235
8,1QFW_1,4.538,2.266,5.913,4.712
11,5TDO_1,0.268,0.165,0.347,0.353
7,4KI5_1,1.915,0.6459999999999999,3.038,2.0780000000000003
6,6GHG_1,4.352,1.96,6.173,4.055
13,4EDX_1,0.609,0.26899999999999996,0.739,0.62
9,2GCY_1,2.538,1.252,2.622,1.339
11,5G64_2,2.743,0.8959999999999999,3.844,2.641
12,5V7U_1,0.707,0.371,0.869,0.625
5,1KTR_1,2.299,0.542,2.985,1.3840000000000001
12,5V6L_1,2.831,2.397,3.605,3.287
13,3Q3G_1,4.330,2.6889999999999996,5.541,4.407
10,5TR8_1,1.907,1.18,2.640,1.8519999999999999
10,6BZW_1,0.816,0.36700000000000005,0.897,0.494
8,4AT6_1,1.831,1.222,2.679,2.827
12,1AP2_1,2.613,0.92,3.190,1.4509999999999998
6,5N4J_1,1.526,0.276,1.983,0.799
19,6BCK_1,7.502,5.45,9.565,7.886
5,1IND_1,2.136,0.5660000000000001,2.791,0.893
7,5TJD_1,4.027,2.722,6.577,5.574
5,1IC5_1,0.975,0.38,1.333,1.128
12,6GV4_1,3.158,2.112,3.401,2.496
6,5XAJ_1,3.374,2.035,4.176,3.236
10,4I77_1,4.093,2.246,4.747,2.8930000000000002
6,2VH5_1,0.492,0.134,0.514,0.264
10,5NJ6_1,4.942,2.549,9.982,10.121
4,2DDQ_1,3.706,1.695,4.947,3.533
22,4OT1_1,5.514,4.208,7.923,7.648
19,1GC1_1,2.234,1.3130000000000002,2.297,1.416
9,4CNI_1,2.423,0.977,3.154,1.88
10,2V7H_1,2.227,0.973,2.963,1.8219999999999998
11,3NH7_1,3.310,1.547,4.174,2.799
13,5CHN_1,3.944,2.1180000000000003,4.713,3.4330000000000003
13,5J13_1,4.292,2.853,6.362,4.582
9,1WT5_1,1.410,1.308,1.608,1.683
11,1D5I_1,2.952,1.092,3.361,1.66
16,4C2I_1,3.811,3.8110000000000004,7.939,7.968999999999999
4,6BIT_1,3.271,1.2570000000000001,4.464,1.825
9,2AI0_4,4.307,2.0340000000000003,5.601,3.233
14,1SEQ_1,5.461,3.377,6.439,5.1579999999999995
7,3G5X_1,1.197,0.192,1.624,0.348
11,4QCI_1,4.444,2.428,4.898,3.596
5,5VJQ_1,0.289,0.044000000000000004,0.373,0.306
16,4OM0_1,0.473,0.18100000000000002,0.506,0.252
4,5DYO_1,3.399,1.8030000000000002,6.217,4.35
6,3D85_1,3.654,2.505,5.428,3.513
15,6BTJ_1,3.703,2.775,6.548,6.6160000000000005
19,1G9M_1,2.274,1.347,2.304,1.406
12,1J05_1,5.421,3.949,6.921,5.629
8,1F4W_1,3.011,1.4869999999999999,3.655,2.25
6,2UZI_1,0.513,0.131,0.534,0.321
13,1NMA_1,0.953,0.561,1.055,0.836
10,3QRG_1,0.499,0.16399999999999998,0.762,0.517
11,3V7A_1,2.978,2.26,3.484,3.1489999999999996
13,6BLH_1,4.632,3.437,6.669,5.452000000000001
10,2VL5_1,2.462,1.92,3.350,3.537
10,4HBC_1,4.671,1.745,5.169,2.153
12,4NYL_1,0.925,0.405,1.435,1.297
1,5YE3_1,,,,
13,2XRA_1,5.926,3.991,7.434,5.987
13,2IPU_1,0.609,0.135,0.667,0.251
8,1A7P_1,0.992,0.099,1.044,0.24600000000000002
4,3MNW_1,0.323,0.08900000000000001,1.105,0.987
9,2ARJ_1,2.845,2.029,3.899,3.695
12,1DN0_1,3.555,2.551,4.468,3.968
11,2ADG_1,5.304,4.047,8.767,7.39
12,4K2U_1,2.855,1.392,3.993,2.937
12,5GZR_1,2.392,2.392,5.006,5.016
10,4GAJ_1,0.477,0.325,0.679,0.742
14,1BJ1_1,0.683,0.326,0.762,0.475
12,3NA9_1,0.441,0.17600000000000002,0.523,0.33899999999999997
10,1LO0_1,2.326,1.3880000000000001,2.836,1.7180000000000002
14,6ORO_1,4.365,3.076,7.365,7.084
5,6DC9_1,3.801,2.467,5.267,4.169
11,5Y9C_1,5.341,3.259,6.550,4.809
5,3A67_1,0.926,0.192,0.996,0.384
14,6E5P_2,0.708,0.505,0.765,0.61
18,5OD8_1,4.302,2.824,6.580,5.894
8,5F6I_1,1.022,0.289,1.183,0.545
15,3MLT_1,4.184,3.0410000000000004,5.316,4.232
17,3PNW_1,5.659,4.348,9.841,8.581
5,1NLD_1,2.629,1.828,3.012,3.258
12,3GBM_1,0.478,0.16,0.510,0.276
8,3F12_1,1.095,0.767,1.149,0.805
10,4IJ3_1,3.262,1.8130000000000002,4.011,2.908
8,3HR5_1,4.020,1.734,4.885,2.083
13,5B71_1,4.925,2.762,10.197,10.517000000000001
10,3DUR_1,0.338,0.154,0.430,0.222
12,1IT9_1,0.675,0.228,0.778,0.364
21,5U3M_1,0.562,0.226,0.618,0.449
13,6GK7_1,1.456,0.623,1.562,0.775
14,4PLJ_1,6.399,3.699,7.352,5.946000000000001
10,1CLO_1,0.480,0.168,1.087,0.873
13,4DKE_1,4.858,2.7030000000000003,5.815,4.54
12,4DTG_1,1.496,0.6579999999999999,1.735,1.068
10,1CLZ_1,0.892,0.33299999999999996,0.987,0.544
5,5IHZ_2,4.862,1.669,7.534,4.023
10,3R1G_1,3.545,1.9980000000000002,4.207,2.574
12,2PR4_1,3.858,3.477,4.650,4.53
10,5TF1_1,2.252,1.514,2.710,2.367
11,5WB9_1,2.625,2.025,3.866,3.685
20,4IMK_1,7.010,6.145,11.300,11.165
7,2R29_1,4.278,1.69,4.651,1.969
10,6BZU_1,1.128,0.507,1.343,0.779
18,3LRS_3,6.246,4.468,9.023,7.151
10,4N8C_1,3.603,1.672,3.938,2.156
17,4HK0_2,2.027,0.72,2.234,0.937
15,6DEZ_1,1.599,1.051,2.403,2.481
8,4AL8_1,2.351,1.7,3.728,2.6689999999999996
8,2GK0_2,2.681,1.0170000000000001,4.191,2.28
11,1CL7_1,3.471,2.004,3.526,2.636
13,3EFD_1,6.107,3.633,6.992,5.184
17,1DFB_1,5.301,2.903,8.671,8.959
5,1IC7_1,0.966,0.36700000000000005,1.111,0.728
16,4S1S_1,4.822,3.014,5.624,4.263
13,2IQ9_1,1.180,0.397,1.366,0.743
8,1UWG_1,0.847,0.39399999999999996,0.964,0.529
15,4F37_1,1.262,0.635,1.394,1.05
9,3GNM_1,1.320,0.731,1.534,0.9109999999999999
13,6A76_1,1.788,0.608,2.493,1.5859999999999999
10,3H0T_1,1.983,1.2830000000000001,5.101,4.024
13,4F2M_1,5.279,2.459,7.645,5.003
15,4ODH_1,4.487,3.9339999999999997,5.268,4.809
8,4L5F_1,2.782,1.393,3.379,1.91
8,4FFV_1,0.354,0.168,0.463,0.275
7,4QEX_1,2.475,0.8,4.002,3.1060000000000003
11,4MHJ_2,0.372,0.193,0.401,0.245
10,4JZN_1,1.283,0.81,1.637,1.5590000000000002
11,3VFG_1,3.860,2.394,5.049,4.004
13,1FBI_1,5.131,3.19,7.276,5.064
10,4NCC_1,3.941,2.495,4.627,3.7089999999999996
9,3NTC_1,2.768,2.061,5.711,4.734
12,1IGM_1,4.073,2.972,5.140,4.526
8,4KQ3_1,2.209,0.865,2.970,1.5630000000000002
7,3HC4_1,0.887,0.387,1.057,0.619
13,5ITB_1,4.360,2.577,5.734,4.262
5,5VJO_1,1.121,0.36700000000000005,1.149,0.47700000000000004
15,5C0N_1,5.515,4.84,7.553,7.416
7,5VKK_1,1.219,0.289,1.889,1.629
9,4TTD_1,1.521,0.188,1.759,0.695
6,4QHU_1,3.744,1.659,3.914,2.13
4,4OTX_1,2.839,0.47,3.825,1.056
16,4OLW_1,0.340,0.159,0.383,0.257
13,5LBS_1,0.771,0.19699999999999998,0.859,0.505
12,4UIF_1,2.380,2.38,4.934,4.914
13,5DSC_1,1.810,1.52,2.548,2.096
22,6DB7_1,5.719,4.235,7.533,6.587000000000001
14,3G6J_1,4.211,3.2689999999999997,5.302,4.91
18,5CGY_1,6.562,4.189,10.712,8.916
7,6C9U_1,3.034,1.726,3.581,2.891
15,3AAZ_1,2.949,1.6669999999999998,3.459,2.414
12,5BK5_2,0.761,0.17600000000000002,1.223,0.88
5,3CXD_1,1.944,1.188,2.545,2.093
10,6E62_1,1.111,0.33299999999999996,1.398,1.087
3,5DMG_1,1.415,0.142,2.186,1.67
13,6MHR_1,4.100,1.725,4.489,2.441
14,2BRR_1,2.983,2.474,3.479,2.968
8,1UWE_1,1.028,0.466,1.112,0.637
14,4DAG_1,1.988,1.641,2.489,2.051
17,5E08_1,4.891,3.408,5.458,5.419
8,3N85_1,3.194,1.902,3.725,2.282
16,3SO3_1,5.363,3.7460000000000004,7.155,5.149
13,6FAX_1,5.063,2.963,7.743,4.744
7,6BFQ_1,1.959,0.938,3.005,2.226
9,5I30_1,2.068,1.043,2.510,1.867
16,6NZ7_1,5.311,4.243,8.964,8.16
10,3UTZ_3,2.140,0.495,2.427,0.647
13,3J8W_1,5.826,2.9139999999999997,6.434,3.5189999999999997
13,3BKY_1,4.039,2.7460000000000004,4.454,3.9589999999999996
11,3PGF_1,4.603,1.579,5.459,1.8530000000000002
5,1JNL_1,3.542,1.517,4.182,2.444
6,6DJP_2,1.810,1.595,3.036,3.005
11,5XCU_1,0.502,0.146,0.599,0.28600000000000003
9,5TRU_1,2.758,1.73,4.404,3.02
9,4JR9_1,5.878,2.8689999999999998,7.278,3.298
11,4HIE_1,0.379,0.12300000000000001,0.398,0.155
7,5I1D_2,1.845,0.556,2.063,0.785
16,4FQJ_1,0.324,0.11900000000000001,0.332,0.13
9,2QR0_1,2.245,0.84,2.528,1.135
7,3IY1_1,2.963,1.092,3.265,1.4380000000000002
12,5WK2_1,4.229,2.149,4.598,3.154
10,6N5D_1,3.961,2.209,5.128,3.225
9,5SZF_1,4.062,1.811,5.056,3.835
3,5ZXV_1,0.974,0.084,1.228,0.7040000000000001
11,1RJL_1,5.269,2.439,6.446,3.784
10,5FGB_2,2.695,1.5390000000000001,3.129,2.2880000000000003
12,5HBT_1,5.751,3.85,7.003,6.6770000000000005
20,5CJO_1,1.134,0.527,1.224,0.737
6,1RZI_2,1.650,1.1,2.267,1.712
10,1MHP_1,0.942,0.374,1.099,0.7979999999999999
10,5XS7_1,5.141,2.8110000000000004,6.092,4.316
7,5VTA_1,1.214,0.312,1.273,0.555
7,5BMF_1,1.189,0.198,1.364,0.6829999999999999
10,5F7E_1,0.771,0.287,0.819,0.374
10,3QPQ_1,4.292,3.157,4.703,3.9730000000000003
11,4A6Y_1,2.883,2.259,3.120,2.6719999999999997
6,5T1D_1,3.611,1.709,4.808,3.252
7,5I1K_1,1.811,0.382,2.210,1.479
13,4NRY_1,1.085,1.234,1.149,1.436
27,3MUG_1,1.191,0.629,2.159,1.819
5,1MEX_1,2.926,1.083,3.774,1.344
9,1A3R_1,4.922,2.451,8.184,6.193
6,5VYF_1,1.404,0.40399999999999997,1.880,1.082
13,4U0R_1,3.812,2.963,4.963,5.272
10,5NIV_1,3.776,2.128,4.106,2.522
8,1JPS_1,0.487,0.184,1.133,0.971
11,2H9G_1,2.957,1.849,3.244,2.428
16,4FQK_1,0.305,0.129,0.332,0.157
7,6AQ7_1,1.867,0.6970000000000001,2.687,2.059
9,6BPE_1,1.044,0.375,1.244,0.953
17,4JHA_1,1.660,0.812,1.702,0.91
11,5NPH_1,4.004,3.085,5.167,4.935
16,4XAK_1,4.542,3.8080000000000003,5.640,5.303
16,5EWI_1,6.717,3.927,8.163,5.479
7,1MCO_1,4.350,2.8510000000000004,6.592,5.742999999999999
12,6ORQ_1,2.438,1.555,2.728,2.2880000000000003
18,4NUJ_1,6.140,4.048,10.359,9.361
10,4YHL_1,1.592,0.52,2.105,1.594
6,1A0Q_1,3.701,3.029,4.276,4.378
11,1AXS_1,2.643,0.6579999999999999,3.284,1.368
13,3FO2_1,1.234,0.248,1.633,0.484
15,4M5Y_1,9.090,7.291,11.475,10.685
16,5BK1_2,0.285,0.142,0.590,0.526
18,5GZN_1,5.050,3.219,6.158,5.289
20,5WOB_4,0.593,0.327,1.440,0.457
21,3PIQ_1,5.228,3.0660000000000003,7.808,7.104
10,2I9L_1,3.367,1.849,4.426,2.758
10,4M43_1,3.809,1.8230000000000002,4.026,2.1790000000000003
11,5L0Q_1,5.165,2.891,6.667,5.047
17,3TJE_1,1.335,0.18100000000000002,1.446,0.529
10,1AY1_1,2.272,0.725,2.599,1.135
11,4PS4_1,1.290,0.23,1.335,0.371
12,1MVU_1,2.577,0.867,3.217,1.3840000000000001
12,5WL2_1,0.549,0.09,0.561,0.22899999999999998
11,5XHV_1,4.233,3.2560000000000002,6.677,6.062
10,1LO4_1,4.280,2.011,4.466,2.271
13,4UIK_1,2.645,1.075,3.337,1.605
5,5AUM_1,3.657,2.16,3.978,2.951
20,4IOF_2,1.158,0.621,1.266,0.83
8,2G60_1,1.699,1.456,2.264,2.589
10,4GAG_1,0.603,0.141,0.808,0.40700000000000003
3,1I3G_1,2.388,0.031,3.929,0.9420000000000001
15,5UKQ_1,0.934,0.24600000000000002,1.155,0.665
16,3INU_1,6.617,4.553999999999999,9.076,7.742999999999999
7,5VL3_4,1.164,0.22399999999999998,1.830,1.518
27,4DQO_1,1.250,0.631,2.321,1.776
15,5EN2_1,4.557,2.8089999999999997,5.640,4.868
11,3NCY_1,3.796,2.5180000000000002,4.111,3.452
21,6QN7_1,5.797,5.085,6.149,5.71
9,4PUB_1,4.859,3.3569999999999998,6.657,6.957999999999999
17,3P30_1,6.756,4.874,10.299,8.64
15,4XNZ_1,,,,
7,1H3P_1,3.155,1.5219999999999998,4.266,3.307
4,5CP3_1,1.520,0.151,1.867,0.9540000000000001
5,2DQC_1,0.921,0.21,0.976,0.387
9,4Y5V_1,0.956,0.171,1.041,0.644
15,5DD6_1,3.821,2.556,6.407,6.7
9,4R7N_1,1.346,0.7390000000000001,1.464,0.996
7,5DLM_1,3.081,1.848,5.700,4.215
11,1OCW_1,5.146,2.467,7.172,4.938
9,2NZ9_1,2.503,1.249,2.606,1.389
9,3K2U_1,3.560,2.426,4.007,2.991
18,4WV1_1,1.402,0.358,2.367,1.955
11,2XZQ_1,2.450,0.9890000000000001,2.854,2.134
13,5DQD_1,1.805,0.29100000000000004,2.124,1.122
19,4UT9_1,6.725,4.63,9.677,7.989
19,6MTR_1,2.339,1.368,2.927,2.301
5,1CR9_1,4.430,2.258,5.982,3.864
10,3QQ9_1,1.140,0.098,1.149,0.23800000000000002
11,5UBY_1,1.816,0.871,2.081,1.685
6,1UB6_1,0.605,0.18899999999999997,0.656,0.32899999999999996
24,4JY5_1,3.284,2.555,3.926,3.3489999999999998
10,5YFI_1,3.527,2.1430000000000002,4.206,3.533
21,5Y0A_1,8.363,8.363,25.050,25.02
10,4KMT_1,3.429,2.083,6.031,3.8369999999999997
18,3BQU_1,4.611,3.8989999999999996,6.323,5.431
6,1FL3_1,0.539,0.13,0.632,0.301
9,5YUP_1,2.702,0.728,3.544,2.283
9,6CDM_1,1.503,0.628,1.691,1.091
24,4JY6_1,0.934,0.451,2.714,3.033
5,3A6B_1,0.948,0.162,1.014,0.34
9,6BPC_1,0.995,0.45899999999999996,1.218,1.042
11,5C0R_1,1.102,0.51,1.441,1.093
21,5EU7_1,6.304,4.447,8.106,6.468
12,4ZD3_1,4.640,2.903,5.620,4.302
8,4LKX_1,3.008,1.598,4.076,3.4810000000000003
10,3O2V_1,1.340,0.365,1.684,0.92
17,6DLB_1,0.868,0.131,0.884,0.18
19,6EAY_1,4.115,3.395,8.864,7.65
9,4HC1_1,3.617,2.262,4.194,3.353
20,1ZA3_1,7.706,5.4239999999999995,12.372,11.015
5,1BM3_1,3.130,0.708,4.360,1.5819999999999999
9,5TZU_1,3.137,2.1590000000000003,3.803,3.175
16,4YFL_2,0.907,0.569,2.329,2.104
18,6C6Z_1,5.814,4.579,9.952,10.055
13,5NYX_1,1.855,0.8490000000000001,2.160,1.349
10,3DGG_1,5.574,3.23,8.050,4.788
11,2VWE_1,4.960,2.867,6.991,5.115
10,2B2X_1,0.430,0.182,0.482,0.251
14,4HFU_1,6.148,4.087,12.146,11.828
9,1T4K_1,1.763,0.7959999999999999,2.019,1.2209999999999999
8,1G7L_1,0.299,0.11199999999999999,0.376,0.195
5,1XGT_1,0.185,0.08900000000000001,0.245,0.198
17,3NPS_1,6.083,3.179,6.886,4.505
13,5VK2_1,5.338,3.8,6.230,5.632999999999999
18,4XCE_1,1.769,1.1520000000000001,2.719,2.331
5,6BHZ_2,1.020,0.727,1.059,0.7859999999999999
5,1GAF_1,2.227,0.696,3.475,1.454
11,6NB5_2,5.290,4.444,6.697,6.688
19,5Y2L_1,4.164,2.813,5.679,4.5280000000000005
7,2ZPK_1,0.805,0.08800000000000001,0.850,0.253
19,4YE4_1,3.768,2.6830000000000003,8.232,8.53
19,4LF3_1,0.737,0.319,1.041,0.847
14,4U6V_1,3.939,2.151,6.081,5.314
10,5I1L_1,3.435,2.128,6.044,3.823
10,3ZL4_1,2.019,0.853,2.675,1.574
19,4OSU_1,5.826,4.215,7.895,6.7589999999999995
12,3MAC_1,0.592,0.185,0.839,0.6559999999999999
7,5F3B_1,1.630,0.485,1.783,0.748
9,5K59_1,3.420,1.296,3.684,1.699
14,1YEE_1,0.871,0.37200000000000005,1.016,0.7809999999999999
10,3IY2_1,3.630,1.838,5.328,3.076
24,5W6D_1,1.192,0.494,1.442,0.877
5,5TDN_2,0.804,0.789,0.833,0.81
14,6BLA_1,4.561,3.385,8.773,8.078
9,2HH0_1,4.660,2.383,10.078,7.17
8,2HKF_1,3.300,2.093,3.636,3.181
11,5KVD_1,4.313,2.4130000000000003,6.053,4.973
13,4HS8_1,4.554,2.9930000000000003,5.645,4.574
13,4NRY_2,0.923,0.7290000000000001,1.034,1.003
21,5UWE_1,8.256,6.771,12.767,12.880999999999998
10,4K23_1,4.251,2.947,8.866,8.282
12,6BZY_1,4.369,2.461,4.947,3.6039999999999996
13,4OGY_1,0.641,0.264,0.983,0.703
16,4OLV_1,0.457,0.187,0.505,0.24
8,3MJ8_1,2.397,0.777,2.904,1.374
19,3TV3_1,0.949,0.22,1.016,0.379
9,4Y5Y_1,0.958,0.265,1.155,0.5760000000000001
10,2GFB_1,6.183,4.91,12.378,12.694
8,3O6K_1,2.518,1.485,2.697,1.7690000000000001
16,4OLX_1,0.377,0.141,0.424,0.23800000000000002
14,1DQL_1,3.930,2.481,9.026,6.928999999999999
6,2EH7_1,3.270,1.67,5.326,4.5089999999999995
10,4G6A_2,0.600,0.156,0.747,0.36200000000000004
20,5T5B_1,0.312,0.121,0.381,0.285
12,5MHR_1,3.919,2.786,5.119,4.189
15,6AL4_1,4.460,2.411,7.286,5.483
5,2EKS_1,0.869,0.155,1.096,0.40700000000000003
7,4AG4_1,2.436,0.39,2.571,1.308
10,5I66_1,2.209,1.101,3.827,2.384
11,1OAX_1,0.341,0.099,0.375,0.154
9,5MVZ_1,2.237,1.188,2.772,1.703
10,2H32_1,5.433,2.113,6.658,3.389
10,5MES_1,1.728,0.58,3.828,3.44
15,5WNA_1,5.888,3.7569999999999997,9.485,8.782
10,5CZX_1,2.761,1.601,3.340,1.96
9,6D2P_1,4.406,2.595,10.120,7.654
13,3J8V_1,4.429,3.0010000000000003,5.053,4.552
8,4V1D_2,1.283,0.163,1.459,0.384
8,5UEK_1,0.635,0.10300000000000001,0.769,0.302
18,5DUM_1,5.096,3.813,8.122,8.354
11,6O3A_1,2.706,2.085,3.181,2.8930000000000002
10,4PB0_1,5.645,3.7460000000000004,7.881,5.877999999999999
19,5AWN_1,1.110,0.506,1.388,1.161
13,5K9O_1,4.944,2.9989999999999997,5.545,4.794
8,1IQD_1,2.854,1.73,4.375,3.7689999999999997
13,6GFF_1,3.927,2.153,4.964,3.468
12,4BH7_1,0.992,0.235,1.051,0.376
12,6ID4_1,4.463,2.8930000000000002,5.491,4.712
8,4MAU_1,3.963,1.531,4.963,2.955
11,6AND_1,4.786,2.029,5.164,2.7319999999999998
11,2DTM_1,4.972,2.276,5.101,2.7489999999999997
10,3VE0_1,3.940,1.8,4.805,2.715
12,3KJ4_1,3.226,1.709,3.952,3.583
12,5TGB_1,3.110,1.7690000000000001,3.807,2.7110000000000003
8,6DCA_1,2.845,1.287,4.177,2.483
7,5DO2_1,5.243,2.517,6.967,4.912
21,6QN9_1,5.923,5.1979999999999995,6.233,5.747999999999999
5,1P4I_1,1.477,1.146,1.622,1.86
8,4FFW_1,0.379,0.204,0.449,0.26899999999999996
22,6BKD_1,5.597,5.1160000000000005,7.870,8.002
5,1FH5_1,3.509,1.114,5.372,2.465
20,4M1C_1,1.028,0.47100000000000003,1.045,0.622
16,6NN3_1,4.955,3.141,6.919,5.247999999999999
13,3I02_1,4.078,2.506,4.608,3.074
9,3WSQ_1,2.337,1.507,4.224,4.066
10,5I1G_1,2.560,1.659,3.373,2.499
9,2Z4Q_1,1.365,1.262,1.495,1.564
8,1A7R_1,0.919,0.317,1.450,0.785
11,2JB5_1,5.041,3.0980000000000003,10.609,8.902000000000001
15,3PJS_1,1.015,0.473,1.059,0.49700000000000005
14,3LZF_1,1.555,0.634,1.672,0.748
17,6FY3_1,4.685,3.5869999999999997,5.576,4.8919999999999995
11,6ARP_1,0.921,0.11900000000000001,0.979,0.561
9,5L7X_1,1.554,0.986,2.099,2.03
8,6AOD_1,4.292,1.868,7.300,5.518
7,6ANA_1,1.365,0.278,2.155,1.901
12,6OTC_1,2.747,1.655,3.802,2.9739999999999998
8,6BFS_1,2.499,2.032,3.347,3.158
6,5NGV_1,0.699,0.08900000000000001,0.833,0.326
11,6ANI_1,4.521,2.478,5.053,2.9530000000000003
17,4OB5_1,3.721,2.594,5.247,3.924
10,4HQQ_1,3.989,2.198,4.301,2.938
8,2R0L_1,2.005,0.826,3.417,2.4090000000000003
12,5VR9_2,1.590,0.885,5.417,5.693
15,6CYF_1,4.770,2.923,6.093,3.9130000000000003
4,1FJ1_1,2.970,1.617,4.053,2.5380000000000003
11,6O39_1,3.245,2.022,3.608,2.299
10,2LTQ_2,3.885,2.065,4.190,3.241
10,4ONF_1,0.407,0.23399999999999999,0.483,0.44299999999999995
12,6H0E_1,0.674,0.376,0.868,0.6679999999999999
9,3FFD_1,3.613,1.874,3.788,2.569
8,4Z5R_1,2.299,1.274,2.830,1.972
11,1IGC_1,3.191,1.767,3.841,2.061
10,5CSZ_1,4.137,2.398,4.322,2.523
10,5VQM_1,2.543,1.4969999999999999,3.092,2.727
15,3HZY_1,0.789,0.233,0.812,0.29600000000000004
12,3MA9_1,3.841,2.103,5.846,4.155
11,2Y06_1,2.599,1.568,2.817,1.854
11,2V17_1,2.558,1.485,2.764,1.605
10,5I1E_1,1.306,0.639,1.463,0.946
6,2LTQ_1,1.435,0.889,1.658,1.271
17,4WUK_1,5.829,3.503,7.704,6.636
17,3SOB_1,5.268,3.9760000000000004,7.829,6.777
24,5CEX_1,1.219,0.5720000000000001,2.355,2.114
16,4M8Q_2,2.053,1.537,3.767,3.287
10,3IXX_1,0.544,0.544,0.646,0.675
16,5IBT_1,1.769,0.816,3.462,2.448
9,5CUS_1,3.749,1.531,4.555,2.877
15,5KEM_2,5.222,2.912,6.208,4.319
10,1BFO_1,3.280,2.162,3.604,2.64
10,5D8J_1,1.464,0.636,1.715,1.21
16,5TPN_1,5.332,3.425,6.765,6.112
7,1YNL_1,0.967,0.418,1.141,0.782
9,2G2R_1,4.045,2.15,6.054,4.83
13,6B14_1,1.249,0.22399999999999998,1.501,0.919
13,3IFO_1,2.953,1.993,4.145,3.3560000000000003
14,6D01_1,2.490,1.659,3.843,3.108
14,4POZ_1,4.671,3.353,5.298,4.167
7,5W0K_1,2.135,0.973,2.610,1.588
10,4Z0X_1,1.837,0.35700000000000004,3.742,3.491
9,1F8T_1,4.938,2.186,7.084,6.365
5,1P4B_1,1.437,1.155,1.593,1.827
8,5DWU_1,2.188,0.8220000000000001,2.500,1.506
14,5Y11_1,3.431,2.199,4.092,3.3939999999999997
8,3QUM_2,3.095,1.413,4.188,2.2430000000000003
11,1NL0_1,2.720,1.635,2.985,2.324
12,4XHJ_1,4.303,2.349,5.310,3.595
15,6CNR_1,3.656,3.141,4.527,4.5760000000000005
8,5GKR_1,0.647,0.294,0.799,0.5710000000000001
9,4TSB_1,0.818,0.27399999999999997,0.843,0.306
11,4S2S_1,2.956,2.1919999999999997,3.415,3.102
10,1KNO_1,6.197,4.94,12.294,12.683
7,2XKN_1,2.954,1.7080000000000002,3.126,2.312
10,5GS1_1,1.205,0.133,1.452,0.894
9,4GMS_2,0.586,0.21100000000000002,0.739,0.419
14,3QHF_1,1.434,0.546,2.234,1.8880000000000001
14,4XBG_5,1.107,0.557,1.259,0.914
6,6BB4_1,3.221,1.591,3.376,2.283
13,5VOB_1,4.841,2.528,7.187,5.779
5,5TIH_1,4.548,1.9509999999999998,6.264,3.283
14,3IY7_1,4.765,3.3289999999999997,9.789,9.222999999999999
18,6BLI_1,4.350,3.015,5.797,5.388
12,3G04_1,4.433,2.552,8.076,6.3389999999999995
8,1FDL_1,1.211,0.18600000000000003,1.528,0.539
7,1KCR_1,0.594,0.444,0.717,0.616
15,6APD_1,4.823,3.065,7.911,7.64
8,4K94_1,0.334,0.207,0.483,0.415
8,2PCP_1,4.342,2.01,5.926,3.522
21,6E3H_1,7.808,6.593,10.249,9.533
10,4MHJ_1,2.173,1.901,3.560,3.428
10,5KVF_1,5.629,2.576,8.965,7.155
10,3DV4_1,0.817,0.228,0.834,0.257
17,5M63_1,5.978,4.663,7.060,5.876
23,6CMG_1,6.737,5.461,11.434,10.998
7,6A3W_1,4.119,1.943,7.423,6.696000000000001
10,5W24_1,5.548,3.82,6.561,4.793
8,6B9J_1,0.280,0.12300000000000001,0.321,0.184
7,2D7T_1,2.721,0.722,3.301,1.3430000000000002
6,6ANP_2,5.898,4.619,10.982,9.064
14,6A0X_1,3.028,2.115,4.907,4.519
11,5VIG_1,5.927,3.6639999999999997,7.892,5.107
10,3UTZ_1,2.054,0.389,2.294,0.61
11,4R4B_1,0.704,0.382,1.320,0.945
14,1FNS_1,0.927,0.147,0.944,0.3
14,1OAK_1,0.909,0.168,0.970,0.38799999999999996
16,3EYF_1,3.879,2.148,5.681,4.251
11,4M61_1,3.376,2.189,3.980,3.137
11,5HDQ_1,2.774,1.8880000000000001,3.179,2.661
15,4UU9_1,6.237,2.825,10.165,7.362
10,2UUD_1,1.695,0.679,1.765,0.7809999999999999
12,6IEK_1,6.103,3.7,9.385,7.767
13,5GJS_1,0.861,0.325,0.925,0.451
15,5EII_1,6.072,3.373,7.965,6.372000000000001
10,1CLY_1,0.884,0.35600000000000004,0.999,0.62
11,3IU4_1,4.076,2.126,4.644,3.015
10,4JLR_1,0.465,0.247,0.650,0.489
11,3GK8_1,1.312,0.384,1.419,0.45799999999999996
18,4LLV_2,2.470,1.72,5.306,5.053
13,4QHN_1,0.956,0.413,1.093,0.732
13,5B3J_1,0.266,0.203,0.300,0.26
20,5IQ7_1,0.706,0.268,1.067,0.825
13,5F96_1,0.766,0.131,0.902,0.33899999999999997
14,5X08_1,1.397,0.733,1.607,1.07
15,5XKU_1,4.620,2.9210000000000003,6.217,5.346
11,1OAQ_1,4.958,2.44,7.134,4.886
7,6CSE_1,1.021,0.775,1.769,1.761
18,4YWG_1,0.632,0.35600000000000004,0.674,0.519
8,5TZT_1,2.533,1.72,3.992,2.377
5,2DQH_1,0.911,0.23399999999999999,1.024,0.45299999999999996
9,1EO8_1,5.126,2.224,7.903,4.743
19,3Q6G_2,3.295,1.9240000000000002,4.730,2.991
12,4YR6_1,3.287,2.661,3.964,3.7739999999999996
12,4JPI_1,0.792,0.341,1.073,0.7909999999999999
13,4X80_1,4.984,2.928,6.569,3.8710000000000004
8,1K6Q_1,0.579,0.22699999999999998,0.695,0.374
11,6B3M_1,4.545,2.906,6.640,5.73
11,4JFX_1,0.307,0.131,0.373,0.29
10,3DIF_1,4.452,1.317,4.894,1.6280000000000001
10,32C2_1,4.711,2.403,7.811,5.164
9,4G5Z_1,2.407,0.9570000000000001,2.787,1.371
16,5DD6_2,4.779,3.344,9.157,8.671
12,5VAG_1,3.142,2.449,5.910,4.581
15,5TRP_1,4.290,2.553,5.199,4.6080000000000005
12,2FJH_1,2.628,1.6440000000000001,2.870,2.259
10,1NCW_1,4.147,2.245,5.703,3.1039999999999996
6,4HXB_1,4.368,2.208,6.833,5.1160000000000005
9,4WEB_1,2.013,0.894,4.362,3.952
14,3RKD_1,2.307,1.413,3.544,3.147
10,4RGN_2,3.283,2.18,3.766,2.9789999999999996
19,4NWT_1,1.730,0.414,2.396,1.724
10,1SY6_1,5.693,3.306,8.155,6.909
5,1NAK_1,1.104,0.321,1.842,1.12
13,4PY7_1,5.108,2.7460000000000004,6.479,3.8489999999999998
23,4XMP_1,1.294,0.594,1.755,1.228
15,6ELE_1,5.147,2.945,6.996,5.507999999999999
7,5GS0_1,2.256,0.9670000000000001,2.746,1.161
7,2FGW_1,1.554,1.181,2.473,2.371
10,5I8O_1,,,,
5,1IC4_1,0.562,0.10300000000000001,0.655,0.47100000000000003
15,6DW2_1,3.610,2.221,6.020,5.6610000000000005
13,5XMH_1,3.077,2.457,5.377,5.867000000000001
12,4NKM_1,0.877,0.271,0.961,0.534
10,4F33_1,3.631,1.63,4.127,1.9580000000000002
10,4NP4_1,2.372,1.288,3.161,2.044
16,4I18_1,5.393,3.859,9.178,7.216
7,5EOR_1,4.717,1.165,5.760,3.2760000000000002
24,4NPY_1,1.555,0.741,3.800,3.72
12,4NKD_1,0.856,0.278,0.958,0.565
21,5U3O_1,0.705,0.214,0.777,0.325
5,1J1P_1,0.942,0.21600000000000003,1.033,0.43
11,4HDI_1,1.218,0.359,1.605,0.9279999999999999
12,5WTG_1,3.192,1.945,3.755,2.6189999999999998
8,5TLK_1,0.971,0.708,1.743,1.761
10,3ULS_1,1.366,0.397,1.849,0.972
15,5UKN_1,0.512,0.19699999999999998,0.866,0.715
9,6BDZ_1,1.783,0.978,2.329,1.71
24,6D0U_1,0.772,0.489,0.893,0.721
24,4OD3_1,7.382,6.061,10.539,9.561
12,4YHZ_1,1.358,0.867,1.679,1.2409999999999999
12,6I8S_1,4.257,2.309,4.937,3.239
7,1MRC_1,1.459,0.266,1.625,0.368
5,1GGB_1,3.200,1.7519999999999998,3.710,2.9
9,2AEQ_1,1.104,0.45799999999999996,1.202,0.602
11,5XCU_2,0.624,0.19699999999999998,0.832,0.34600000000000003
12,3I9G_1,5.406,3.3139999999999996,6.828,4.463
3,5OBF_1,1.279,0.11900000000000001,2.100,1.9680000000000002
12,2IQA_1,3.240,2.716,4.033,3.6439999999999997
9,2ORB_1,2.723,1.067,3.013,1.82
13,4UTA_1,5.140,2.7,5.659,3.6630000000000003
13,4QTH_1,4.128,3.089,5.323,4.364
8,1KIP_1,0.455,0.16699999999999998,0.646,0.364
17,6DLA_1,0.696,0.13,0.704,0.203
6,5NHW_1,0.708,0.102,0.825,0.299
12,1SBS_1,4.381,2.286,5.841,3.326
24,4FNL_1,0.793,0.494,0.911,0.725
10,4EBQ_1,2.072,0.888,2.271,1.135
13,5I8C_1,3.334,2.063,3.695,2.627
5,2EIZ_1,1.127,0.18100000000000002,1.354,0.424
18,6MEF_1,1.313,0.69,1.488,1.06
12,5VOD_1,4.785,2.877,5.425,4.079
19,5UG0_1,6.149,4.598,10.294,10.474
11,5O6V_1,3.593,2.0,3.783,2.615
11,1NC2_1,4.145,2.025,5.192,3.233
7,2J88_1,3.732,1.601,6.300,5.716
24,5ESV_1,1.070,0.353,1.302,0.614
19,3IDX_1,5.934,4.695,11.506,10.221
11,1OAX_4,0.288,0.121,0.326,0.127
5,1NDG_1,0.725,0.128,0.795,0.285
12,5B4M_1,5.094,2.7319999999999998,6.741,5.457999999999999
15,4HCR_1,4.694,2.4130000000000003,5.307,3.64
24,5CEY_1,1.565,0.8220000000000001,1.780,1.308
7,2E27_1,1.891,1.5319999999999998,3.122,3.26
8,1MIM_1,2.075,0.485,2.119,0.777
15,5WNB_1,,,,
7,3FZU_1,3.728,2.452,4.736,4.565
9,1C5D_1,4.186,2.197,4.944,2.845
24,4FQ1_1,1.175,0.45899999999999996,2.153,2.138
12,5BK5_3,1.163,0.16899999999999998,1.381,0.483
12,2VXV_1,5.018,3.2560000000000002,6.330,4.393
16,5W1K_1,3.589,2.121,3.748,2.6860000000000004
13,4K7P_1,3.877,2.6839999999999997,4.282,4.022
14,3QEG_1,4.850,4.143,7.370,6.263999999999999
13,4LVH_3,2.168,1.063,2.228,1.119
19,4LRI_2,1.805,1.003,1.960,1.149
13,6APC_1,2.731,1.6019999999999999,2.960,1.8259999999999998
15,5ODB_1,5.086,2.909,5.615,3.787
11,6J5D_1,3.414,1.53,4.726,2.658
10,6AXL_1,3.330,1.579,4.091,3.66
11,1YJD_1,4.147,2.072,5.038,3.826
16,4OLU_1,0.506,0.147,0.633,0.429
14,1ADQ_1,4.718,3.312,5.436,5.225
9,4OQT_1,3.548,1.54,4.572,3.0380000000000003
12,3J8Z_1,4.449,2.639,7.557,7.3260000000000005
10,4LLU_1,1.477,1.149,1.649,1.726
16,4NZU_1,4.474,3.4130000000000003,7.780,7.557
22,2XTJ_1,5.767,3.795,16.972,16.575
11,5W05_1,4.383,2.737,7.554,4.944
10,1S3K_1,1.803,0.41,2.111,0.696
10,2HFF_2,2.982,1.706,3.370,2.021
14,6II4_1,5.285,4.275,5.877,5.172999999999999
4,3UJT_1,1.133,0.434,1.452,0.828
14,2AJ3_1,3.410,1.7369999999999999,4.365,2.522
10,5D96_1,2.126,1.443,2.676,2.157
16,5A3I_1,4.855,3.705,6.100,5.486000000000001
15,5O4O_1,5.395,2.86,7.114,4.766
8,1A6T_1,2.133,0.43200000000000005,2.302,1.145
12,4OD2_1,3.716,1.913,5.692,5.303
10,5I17_1,4.137,2.4,5.643,5.207999999999999
16,2XQB_1,4.552,3.0189999999999997,5.129,3.839
9,5X8L_1,0.589,0.195,0.617,0.3
13,5VIC_1,4.840,3.016,6.409,5.26
9,1PKQ_1,2.819,1.624,3.865,3.1889999999999996
7,5TKK_1,4.788,1.344,4.915,1.8
13,3TNM_1,2.476,0.494,2.951,1.115
7,2Q76_1,0.259,0.132,0.647,0.6970000000000001
10,4XTR_1,2.491,1.1320000000000001,3.364,1.984
12,4KUC_1,4.232,3.5,5.589,5.724
8,3F12_2,1.007,0.698,1.075,0.728
10,1QKZ_1,2.519,1.287,2.812,1.7309999999999999
11,6AZZ_1,0.230,0.11,0.520,0.532
13,4LSR_1,2.427,0.35100000000000003,2.636,0.568
11,4S1D_1,5.641,3.3689999999999998,10.391,9.67
9,4J1U_1,1.742,0.807,2.045,1.205
16,6B0E_1,0.864,0.368,1.049,0.636
9,3U9U_1,2.354,1.367,3.334,2.352
8,5UCB_1,0.270,0.113,0.670,0.39399999999999996
12,2R8S_1,3.492,2.127,3.790,2.441
10,3L95_1,3.895,2.028,4.033,2.605
7,3S34_1,2.328,1.327,2.737,2.062
10,5UOE_1,1.344,0.618,1.461,0.935
16,5E8E_1,5.986,4.627,11.619,10.485
24,5CEY_2,1.675,0.9259999999999999,1.980,1.743
4,4LU5_1,1.380,0.804,3.548,3.139
7,3G5Y_1,1.276,0.267,1.713,0.423
16,5JW5_2,0.512,0.2,0.562,0.314
7,4BKL_1,1.550,0.545,1.728,0.769
10,3OPZ_2,0.266,0.129,0.630,0.581
16,1RIH_1,5.940,3.9139999999999997,6.924,5.307
8,1G7J_1,0.456,0.08800000000000001,0.511,0.12300000000000001
15,5JRP_1,0.897,0.207,0.987,0.32299999999999995
18,4M62_1,2.553,1.454,7.361,6.928999999999999
12,6GKU_1,4.625,3.265,5.567,4.306
5,1DL7_1,2.349,1.7719999999999998,3.609,3.2910000000000004
8,4OII_1,2.354,1.5119999999999998,2.993,2.525
9,1FSK_1,1.896,0.682,2.463,1.386
11,3BDY_1,3.960,2.4330000000000003,4.255,2.668
10,4RAU_1,3.109,0.9790000000000001,3.894,1.565
10,5I1A_1,1.677,0.857,2.209,2.344
12,5X8M_1,3.929,2.852,6.178,4.505
10,1T2Q_1,0.812,0.121,0.886,0.289
9,4DKF_1,1.674,1.4880000000000002,4.544,3.889
13,5JQ6_1,4.347,2.553,7.303,5.364
17,3FN0_1,4.359,2.888,6.039,5.978
9,1ORS_1,1.234,0.32899999999999996,1.309,0.42200000000000004
12,4NYL_4,1.066,0.446,1.684,1.2990000000000002
14,3OAU_1,0.651,0.256,0.881,0.517
3,5YY5_1,0.699,0.032,0.862,0.302
9,3SQO_1,2.121,1.455,3.026,2.455
17,2FB4_1,5.038,4.346,7.373,6.989
7,1JHK_1,0.606,0.252,0.652,0.39
13,6N4Q_1,3.757,1.954,5.564,3.6519999999999997
14,1GIG_1,3.874,2.4330000000000003,4.360,3.343
8,4HXA_1,2.262,0.715,2.333,1.063
12,4D9L_1,1.858,0.524,3.131,2.208
12,3W2D_1,3.438,2.294,5.050,5.007
21,4OCR_1,5.812,5.008,10.388,9.456
14,3WKM_1,5.452,3.125,10.112,8.902000000000001
11,6JMR_2,5.257,3.1210000000000004,7.331,4.8
16,5IBL_1,1.682,0.795,3.428,2.465
9,5XQW_1,2.879,1.895,4.410,2.779
13,2ZCH_1,5.011,2.963,5.284,3.241
5,4KPH_1,1.684,0.255,2.213,1.224
7,5KG9_1,1.940,0.828,2.121,1.251
14,1AQK_1,4.726,2.785,6.068,4.533
8,1G7M_1,0.439,0.102,0.499,0.26899999999999996
10,3OPZ_1,0.384,0.20600000000000002,1.346,1.546
10,5EOC_1,0.491,0.14400000000000002,0.542,0.298
12,4XI5_1,5.537,3.2560000000000002,6.716,3.847
14,6CEZ_1,3.729,2.7960000000000003,5.476,4.8389999999999995
10,1L7T_1,1.805,0.7120000000000001,2.184,1.4169999999999998
1,6CT7_1,,,,
12,3GBN_1,0.331,0.184,0.378,0.256
8,3KJ4_2,3.219,2.414,5.607,4.018
9,6MEG_1,1.972,0.599,2.888,2.0980000000000003
5,1XGR_1,0.250,0.07400000000000001,0.331,0.327
12,4ZS6_1,4.656,2.82,6.901,6.127999999999999
12,5VL7_1,4.643,2.487,6.580,4.463
24,4UT6_1,0.932,0.40399999999999997,1.577,1.4280000000000002
7,6NB5_1,4.967,2.494,6.284,4.434
8,1B2W_1,2.269,1.061,2.688,1.5230000000000001
15,5MP6_1,5.911,4.673,6.720,5.381
6,4D9Q_1,3.715,2.251,4.646,4.109
15,6IEA_1,4.530,2.92,8.085,7.267
15,6GLX_1,4.949,3.2289999999999996,5.581,4.093999999999999
9,4XGZ_1,1.043,0.289,2.299,1.9969999999999999
16,5WCD_1,2.648,1.053,3.432,2.011
7,6DWI_1,3.157,2.029,4.252,4.102
11,4LVN_1,3.378,1.765,6.420,5.931
7,5IFH_1,3.318,1.7369999999999999,3.968,2.668
15,5UKP_1,0.668,0.374,0.911,0.705
6,5IKC_1,2.104,0.46299999999999997,3.073,2.306
12,1DSF_1,4.480,2.4019999999999997,4.881,3.134
13,4QHK_1,2.650,1.615,2.722,1.839
4,5CP7_1,1.626,0.271,2.028,0.99
22,2F5A_1,3.711,3.694,4.934,5.12
18,6MTQ_1,2.780,1.472,3.226,2.045
19,5DD5_1,2.022,1.035,2.616,1.742
12,3NAC_1,0.806,0.149,0.920,0.38299999999999995
3,6F7T_1,0.640,0.17600000000000002,0.977,0.985
15,3VG9_1,5.217,3.596,7.108,6.796
16,6B0G_1,1.669,0.413,1.862,0.7020000000000001
9,3IY4_1,4.976,2.057,6.716,4.098
14,1YEC_1,0.615,0.12,0.640,0.221
10,3S96_1,1.475,0.414,1.759,0.825
11,5XCX_1,4.348,2.24,4.815,3.033
13,6MJZ_1,6.494,3.455,8.655,5.22
8,2R0K_1,2.844,1.273,4.232,2.889
19,5Y2K_2,4.171,2.9389999999999996,5.583,4.466
16,2HFG_1,4.322,3.0989999999999998,4.949,3.702
20,5T29_1,0.401,0.161,0.469,0.24
13,3KR3_1,4.764,3.6510000000000002,5.553,5.188
9,5TKJ_1,0.434,0.177,0.641,0.5479999999999999
7,4WCY_1,3.696,2.042,4.451,3.323
20,5SY8_1,0.446,0.212,1.219,1.109
14,3UJI_1,4.451,3.4410000000000003,7.420,7.428999999999999
11,4R4N_1,0.676,0.45899999999999996,1.283,0.945
9,2W60_1,3.015,2.07,3.173,2.6660000000000004
12,4YQX_1,4.189,2.465,4.978,3.5810000000000004
11,3IY0_1,0.906,0.45299999999999996,1.046,0.7290000000000001
10,5I8K_1,3.504,3.054,6.036,4.746
6,2ORB_2,1.306,0.593,1.613,1.173
24,5UMN_1,0.596,0.361,0.743,0.521
12,1IAI_2,4.695,2.537,6.290,4.2989999999999995
9,4RZC_2,0.369,0.16699999999999998,0.432,0.201
13,5F9O_1,0.838,0.131,0.932,0.24600000000000002
8,4LIQ_1,,,,
16,5BK3_1,0.701,0.281,1.197,0.987
14,3LH2_1,2.080,1.7619999999999998,2.513,2.346
11,4HFW_1,3.640,2.862,4.631,4.532
20,4IML_1,6.997,6.138,11.294,11.174000000000001
9,3BSZ_1,3.782,1.485,4.598,3.341
8,6FGB_1,2.708,1.6969999999999998,3.631,2.8510000000000004
14,5E94_1,2.702,1.5730000000000002,4.839,4.218999999999999
8,1UJ3_1,1.894,0.763,2.201,0.976
18,4GLR_1,4.538,3.801,5.521,5.126
13,5B3J_2,0.291,0.182,2.138,2.2569999999999997
10,2UYL_1,3.602,1.31,4.037,2.187
11,1MCP_1,3.372,2.6289999999999996,4.117,5.039
12,5ANM_1,2.640,1.273,4.020,2.728
10,4R96_1,3.852,2.102,4.044,2.153
10,1Q72_1,2.222,1.2790000000000001,4.767,4.534
15,3U36_1,4.937,3.2319999999999998,7.755,5.915
14,4ZYK_2,3.803,2.2430000000000003,7.717,6.2829999999999995
8,2VXQ_1,1.434,0.6579999999999999,1.719,1.218
9,2RCJ_1,0.660,0.66,0.856,0.877
9,5LDN_1,1.615,0.894,1.924,1.493
18,5BJZ_1,6.942,4.081,10.151,7.558
19,3SKJ_1,6.377,5.0489999999999995,10.645,10.007
9,1CT8_1,3.494,1.845,3.958,2.3680000000000003
15,3IJH_1,1.743,1.2109999999999999,2.228,1.935
15,5GMQ_1,5.236,3.738,6.608,5.218999999999999
6,3S62_1,2.848,1.8090000000000002,4.187,3.91
12,4XCY_6,4.061,3.0180000000000002,6.309,5.907
13,5I5K_1,4.750,3.091,5.623,4.084
11,5LSP_1,3.058,1.9,5.481,4.692
6,5N4G_1,3.253,1.4609999999999999,3.877,3.034
7,5MO9_1,2.181,1.012,2.362,1.5130000000000001
12,2R56_1,2.764,1.906,4.333,4.056
11,1TZI_1,4.391,2.6519999999999997,4.875,2.987
11,4HPY_1,1.909,0.29600000000000004,2.140,0.406
15,5IIE_2,0.827,0.534,1.054,0.851
14,1Y0L_1,0.499,0.12,0.565,0.326
13,1BZ7_1,1.672,0.66,1.816,0.7240000000000001
8,5IHZ_1,4.567,2.434,6.416,4.135
13,3TNM_2,2.514,0.5489999999999999,3.791,2.846
8,4XH2_2,0.653,0.17800000000000002,0.719,0.271
10,1Q0X_1,2.540,1.262,3.315,2.011
16,5DRZ_1,5.211,2.523,8.704,7.7410000000000005
20,4YDK_1,7.656,5.6129999999999995,10.612,8.134
8,1CIC_1,1.229,0.149,1.505,0.612
15,6OE4_1,3.446,2.675,4.065,3.281
16,4XBG_4,1.522,0.987,1.622,1.3259999999999998
13,2R0W_1,1.149,0.36,1.334,0.6920000000000001
10,6B70_1,1.362,0.6679999999999999,1.532,0.9390000000000001
13,1RZF_1,3.920,3.73,6.260,5.457999999999999
16,4F57_1,0.590,0.251,0.718,0.565
9,5UMI_1,1.940,0.759,2.352,1.291
10,2YPV_1,5.052,2.705,8.903,6.087999999999999
15,3MLT_3,4.212,3.0610000000000004,5.385,4.178999999999999
10,5EOC_2,0.518,0.285,0.562,0.344
4,4J1U_3,3.233,1.7519999999999998,4.891,3.8339999999999996
11,4Q6I_1,3.456,1.9240000000000002,5.598,5.08
18,4LLV_3,4.435,3.6189999999999998,9.122,8.051
10,1QNZ_1,2.855,2.552,3.589,3.4960000000000004
7,3R06_1,3.081,1.507,5.985,4.771
5,1E4X_2,0.235,0.059000000000000004,0.648,0.483
11,5XCS_1,0.549,0.177,0.681,0.336
7,5XCT_1,0.514,0.154,0.579,0.223
7,6EWB_1,3.544,1.848,4.831,3.997
7,3HC3_1,0.484,0.156,0.647,0.45399999999999996
15,5WI9_1,5.275,2.946,6.226,4.002
12,3GBM_2,0.373,0.126,0.418,0.24
10,6BZV_1,1.018,0.428,1.169,0.5870000000000001
10,5VSH_1,1.985,1.3530000000000002,2.174,1.6
5,5TBD_1,1.426,0.787,2.162,2.029
14,6MTT_1,3.324,2.312,4.371,3.197
24,5ESZ_2,0.521,0.35600000000000004,0.873,0.821
11,1FVD_1,1.573,0.37,1.823,0.6409999999999999
15,6MTP_1,2.615,0.541,4.080,1.547
9,4TSA_1,0.643,0.273,0.721,0.40700000000000003
11,4HG4_2,0.755,0.271,0.786,0.331
14,5CWS_1,4.503,2.89,4.942,3.687
12,4KY1_1,3.819,2.2159999999999997,5.994,4.739
12,6AD0_1,5.549,3.37,6.509,4.314
13,1QFU_1,5.017,3.5060000000000002,6.312,5.82
11,5DUR_1,2.847,2.112,4.491,3.9939999999999998
15,3CSY_1,7.648,5.9670000000000005,8.932,8.452
5,1BBJ_1,,,,
16,4OLZ_1,0.432,0.14,0.479,0.209
10,6EYN_1,0.726,0.272,0.884,0.599
15,4G80_1,4.215,2.184,5.938,4.363
13,6A79_1,0.999,0.16899999999999998,1.045,0.326
14,5GGT_1,5.730,3.7560000000000002,7.868,6.164
13,1TZH_1,5.164,3.688,5.858,5.185
10,4AEH_1,1.594,0.49200000000000005,2.705,2.129
20,5ALB_1,7.436,5.742000000000001,10.956,10.505999999999998
19,4NWU_1,,,,
17,3U6R_1,4.217,3.1,4.999,4.552
8,4JPI_2,2.561,1.601,3.380,2.802
12,3NCJ_1,0.828,0.121,0.881,0.37799999999999995
10,4JJ5_1,1.271,0.883,1.398,1.074
21,5U3N_1,0.563,0.204,0.627,0.47
9,4O02_1,2.521,1.0659999999999998,2.815,1.31
13,3VRL_1,4.870,2.958,5.068,3.36
13,3SDY_1,4.626,2.3,6.646,4.479
9,2FBJ_1,4.254,1.787,5.698,3.949
14,5WKO_1,5.132,2.924,5.995,4.037
11,1FPT_1,4.277,2.345,4.901,3.05
16,5WCC_1,1.782,0.951,2.986,2.126
3,5YY5_2,0.652,0.079,0.770,0.415
9,4TSC_1,0.677,0.188,0.729,0.35700000000000004
7,1P2C_1,0.321,0.040999999999999995,0.670,0.722
9,6EMJ_2,3.570,1.3559999999999999,3.777,1.8130000000000002
4,3C5S_2,0.235,0.059000000000000004,0.454,0.645
8,4XH2_3,0.653,0.128,0.765,0.19399999999999998
15,1FAI_1,8.339,6.485,11.619,9.696
9,2AEP_1,1.189,0.41100000000000003,1.345,0.594
6,4XMM_1,1.971,1.745,2.446,2.6830000000000003
10,2AGJ_1,2.045,0.884,2.716,1.683
13,3EYS_1,0.576,0.24100000000000002,0.718,0.516
12,4EVN_1,2.809,1.3659999999999999,2.894,1.581
7,6AMJ_1,4.993,2.425,5.862,4.466
8,4KQ4_1,3.640,1.57,5.741,2.925
4,5KQV_1,2.770,0.40399999999999997,3.866,0.7559999999999999
10,5V2A_1,5.439,2.403,8.453,6.746
22,5VIY_2,1.069,0.621,1.400,0.973
11,4ZYK_1,5.529,2.374,6.561,3.3680000000000003
13,5NMV_1,,,,
7,1MLB_1,0.869,0.507,0.953,0.8809999999999999
10,1L7I_1,1.972,1.38,2.211,1.676
6,1F3D_1,3.780,2.229,7.030,5.768
26,4YAQ_1,1.765,1.0,1.995,1.272
1,5FEH_1,2.352,1.7109999999999999,1.820,1.0979999999999999
5,5NBW_1,2.704,1.5490000000000002,3.161,2.311
17,3WHE_1,4.931,2.7310000000000003,6.866,4.95
9,4LEX_1,2.351,1.037,3.445,3.213
11,3L5X_1,1.753,0.25,2.105,0.465
19,5DD0_1,2.029,1.092,2.612,1.77
7,5BO1_1,3.657,2.213,4.305,3.681
11,6H3T_1,2.873,1.6869999999999998,3.271,2.401
6,1IGY_1,3.663,2.254,6.478,5.476
19,5K9Q_1,6.028,5.27,9.460,9.258
10,3O41_1,1.188,0.102,1.195,0.23800000000000002
8,3J70_1,4.548,1.953,8.823,5.955
9,5E8D_1,3.066,2.4730000000000003,3.437,2.983
8,4M6M_1,3.079,1.815,4.709,3.358
11,5TL5_1,4.253,2.258,5.557,3.529
13,6N5E_1,2.182,0.8240000000000001,2.487,1.207
9,5KN5_1,3.110,1.781,3.460,2.302
15,6DEZ_2,3.109,1.0759999999999998,3.856,1.9240000000000002
10,4H20_1,3.545,1.726,4.107,2.531
16,3QEH_1,4.781,3.995,7.599,7.682
16,4XCY_4,1.636,1.7890000000000001,2.012,2.469
10,43C9_1,4.882,2.614,8.557,9.057
11,3PHQ_1,1.682,0.831,2.407,2.11
8,6DDR_1,4.454,2.145,5.941,4.25
10,3EYO_2,4.434,2.8110000000000004,5.967,4.577
11,5DFV_1,3.434,1.8119999999999998,4.439,3.279
5,1J1X_1,0.935,0.2,1.009,0.38799999999999996
4,2VXT_1,1.774,0.659,4.586,2.7710000000000004
12,4WUU_1,4.498,3.035,5.129,4.489
10,6H5N_1,1.071,0.366,1.373,0.973
15,1U6A_1,5.000,2.745,5.666,3.765
19,4ERS_1,0.751,0.294,1.083,0.715
11,4AEI_1,4.391,2.694,6.236,4.374
7,2W9D_1,2.062,0.7609999999999999,4.115,2.8280000000000003
7,3HC0_1,0.474,0.182,0.609,0.402
10,5YSL_1,2.319,1.2890000000000001,2.944,1.739
11,5W06_1,4.292,2.698,7.475,4.928
8,4AMK_1,1.381,0.905,2.266,2.117
10,6IUT_1,4.092,2.71,4.607,2.998
10,5I1H_1,2.604,1.652,3.371,2.4730000000000003
16,4CAD_1,5.153,3.721,6.092,5.2989999999999995
7,5VKK_2,,,,
15,5MHS_1,5.004,3.238,6.515,5.734
13,1A14_1,0.633,0.327,0.717,0.515
7,5CZV_1,2.649,1.815,4.418,3.2039999999999997
17,6BF4_1,6.566,4.659,7.311,6.245
11,5H35_1,5.282,3.2739999999999996,5.764,4.2669999999999995
12,6ATT_1,4.756,2.72,6.363,4.868
10,4DN3_1,0.956,0.34600000000000003,1.508,1.162
10,4RNR_1,2.240,1.692,2.466,2.158
12,5LQB_1,4.258,2.545,6.420,4.62
11,3MBX_1,1.951,0.295,2.275,0.611
9,6I9I_1,4.421,2.861,7.053,6.6
7,5B6F_1,4.589,2.0869999999999997,7.149,6.007999999999999
10,4G6A_1,0.237,0.136,0.443,0.48100000000000004
11,3B2U_1,3.026,2.43,3.209,2.778
8,6DDM_1,3.538,2.079,4.183,3.571
8,6DJP_1,2.021,1.649,3.375,3.2060000000000004
10,5I1I_1,3.516,2.366,4.124,3.387
13,1NMB_1,0.928,0.574,1.046,0.872
12,3FMG_1,2.429,1.425,3.230,2.467
13,4QHM_1,1.613,0.7709999999999999,2.063,1.527
12,4RGM_1,3.363,2.541,4.450,4.35
9,3EYQ_1,1.741,1.216,2.454,2.025
24,5D9Q_1,0.776,0.326,0.782,0.431
13,2IPT_1,0.908,0.34299999999999997,1.048,0.462
10,4G7V_1,5.576,2.545,5.986,3.375
15,2YMX_1,4.357,3.1889999999999996,5.911,4.918
17,5FHB_1,4.038,1.528,4.171,1.7109999999999999
8,6AYZ_1,0.212,0.07200000000000001,0.346,0.27399999999999997
7,4RDQ_1,0.961,0.248,1.268,0.953
11,1HIL_1,3.523,1.9369999999999998,4.062,2.352
6,1UB5_1,0.238,0.095,0.327,0.249
9,5VEB_1,2.341,1.419,3.582,2.7689999999999997
3,5JOP_1,1.424,0.036000000000000004,1.973,1.442
12,4UAO_1,4.828,3.262,7.035,5.229
10,3U30_1,2.370,1.222,2.647,1.452
16,4KVN_1,2.433,0.6679999999999999,3.069,1.9469999999999998
10,3I50_1,2.333,1.716,3.448,2.9730000000000003
16,6NB3_1,2.899,2.27,3.389,2.8569999999999998
11,5UBZ_1,1.506,0.8290000000000001,1.866,1.464
24,4UT7_1,0.897,0.34,1.977,1.541
8,1MAM_1,3.731,2.61,5.332,4.176
12,1H0D_1,4.950,2.447,5.500,3.4210000000000003
8,1A7Q_1,0.858,0.136,0.950,0.195
12,6AXK_1,1.466,0.654,2.124,1.631
6,5N2K_1,3.421,1.973,5.974,3.9130000000000003
9,5AZ2_1,3.019,2.396,3.352,2.88
13,4LSU_1,5.348,3.4739999999999998,6.928,5.059
12,3EO9_1,2.651,1.597,4.324,3.736
6,5MYX_1,3.307,1.9969999999999999,4.813,3.716
13,6N5E_2,2.104,0.83,2.195,1.094
16,5IGX_1,0.825,0.48700000000000004,1.585,1.534
10,5I17_2,0.916,0.306,1.009,0.705
8,5OPY_1,4.132,2.571,7.013,4.488
16,5CIN_1,1.590,1.386,2.032,2.142
11,3EO0_1,3.090,1.594,3.810,2.877
10,2GSI_2,5.380,3.405,7.597,6.151
15,5MHE_1,5.080,3.0610000000000004,6.150,4.751
14,2QHR_1,4.501,3.3789999999999996,5.493,5.082
10,3HAE_1,1.089,0.642,1.276,0.7979999999999999
15,6IVZ_1,5.126,2.603,7.658,5.604
16,4JDV_1,1.009,0.423,1.784,1.46
14,4YUE_1,4.822,2.57,4.974,3.016
8,3M8O_1,5.608,2.633,8.834,7.505
3,5KVL_1,0.786,0.114,1.552,0.687
9,3VI3_1,4.012,2.1790000000000003,5.367,3.19
28,4ORG_2,8.059,6.645,13.509,12.134
5,2DQE_1,0.935,0.21899999999999997,1.018,0.428
17,1IKF_1,4.982,2.094,7.712,6.178999999999999
10,5WTT_1,1.696,0.7040000000000001,3.811,3.117
10,5I16_1,,,,
22,6CA7_1,4.402,3.305,10.042,8.685
11,4QF1_1,1.936,0.298,2.228,0.402
13,4YBL_1,0.642,0.29100000000000004,0.915,0.657
12,4LMQ_1,3.724,2.582,5.946,4.496
16,5BV7_1,2.285,1.069,4.233,3.2510000000000003
7,5H2B_1,5.402,2.438,5.771,3.9219999999999997
13,6II9_1,5.538,4.086,7.499,7.577999999999999
10,6CNJ_1,6.484,3.338,6.984,5.443
14,4IRZ_1,4.698,2.36,5.882,4.2330000000000005
12,5ALC_1,5.433,3.5610000000000004,8.949,8.024
17,4R8W_1,6.122,4.39,8.323,7.441
15,6MTO_1,2.471,0.636,3.886,1.4769999999999999
11,5TZ2_1,2.786,1.8,3.211,2.251
18,5DUP_1,6.358,5.197,7.550,7.149
18,5TPL_1,1.949,0.757,2.402,0.902
16,6II8_1,4.679,2.6310000000000002,4.966,3.111
5,1J1O_1,0.944,0.209,1.046,0.49700000000000005
5,5MU0_1,2.150,1.315,2.284,1.669
13,5DRN_1,1.843,1.518,2.626,2.1319999999999997
9,4FFZ_1,3.622,1.5759999999999998,4.429,3.045
9,2XQY_1,3.593,1.255,4.576,2.086
27,4ORG_1,7.607,6.271,12.599,11.232999999999999
10,1KB5_1,2.172,1.172,3.659,3.0269999999999997
12,5WL2_2,1.601,0.358,2.507,1.4809999999999999
10,5JO4_2,4.392,3.1519999999999997,5.270,4.649
8,2JIX_1,2.313,1.276,2.827,2.1390000000000002
10,3UTZ_2,0.809,0.271,0.940,0.511
12,4BZ2_1,5.108,3.0869999999999997,6.739,4.998
12,1DEE_1,0.801,0.299,0.936,0.7440000000000001
21,5TY6_1,6.754,5.531000000000001,11.076,10.613
14,6DB6_1,4.910,3.612,6.649,5.642
17,6MED_1,4.947,4.762,8.708,10.145
10,6EYN_2,3.896,1.69,4.104,1.859
7,5XCQ_1,0.203,0.091,0.321,0.20199999999999999
12,6MYY_1,1.210,0.40299999999999997,1.409,0.53
8,6C6X_1,1.933,0.877,2.701,2.245
13,4R90_1,4.357,2.8280000000000003,5.786,4.88
12,6MLK_1,5.431,3.987,9.832,7.736000000000001
5,4LCI_1,1.563,0.7659999999999999,3.321,2.117
19,4LRI_1,1.856,0.866,2.009,1.03
6,5ADO_1,3.654,2.355,4.901,3.853
10,5GZO_1,3.085,1.7919999999999998,4.249,3.772
20,5WOB_6,0.751,0.34,1.303,0.441
9,1NFD_1,3.987,2.623,6.724,5.083
9,5V7R_1,2.754,2.128,3.709,3.6489999999999996
9,2HFF_1,2.027,1.6280000000000001,2.301,1.972
10,4JZO_1,1.626,0.6940000000000001,2.357,2.0780000000000003
11,1AFV_1,2.849,1.288,3.499,2.222
8,2VQ1_1,2.183,1.456,2.323,1.936
16,5W2B_1,5.091,3.695,6.909,7.0520000000000005
9,4RZC_1,0.258,0.115,0.288,0.11800000000000001
13,5XAJ_2,2.945,2.4019999999999997,4.681,4.861000000000001
10,2XWT_1,4.099,2.343,7.489,5.018
7,5TH9_1,2.180,0.745,2.432,1.163
10,4YDL_1,,,,
11,6BPA_1,2.440,1.7,2.634,2.012
16,4N9G_4,,,,
11,3QHZ_1,4.090,2.181,4.289,2.984
16,1OPG_1,5.222,3.389,5.801,3.801
15,6A67_1,4.007,2.668,5.102,4.066
9,1I9R_1,1.443,0.885,1.533,1.092
9,1MFA_1,3.073,1.436,4.322,2.5860000000000003
9,1YNT_1,4.306,2.028,5.833,3.747
12,6D9G_1,5.060,2.602,6.184,4.245
11,5T33_1,5.128,3.135,9.005,6.3629999999999995
15,6N81_1,4.721,3.248,7.346,5.432
17,3THM_1,1.322,0.175,1.428,0.45899999999999996
12,1C12_1,6.249,4.325,13.156,12.16
7,3LEX_1,0.305,0.179,0.331,0.213
10,1FIG_1,3.108,1.449,5.123,4.671
14,6BFT_1,0.756,0.304,0.847,0.439
9,4O9H_1,3.855,2.471,7.620,7.068
10,5GRV_1,1.233,0.163,1.433,0.872
1,5YE4_1,,,,
19,2QAD_1,6.361,4.669,8.582,8.015
3,2Q8A_1,0.119,0.035,0.364,0.348
19,5JZ7_1,6.609,5.3420000000000005,12.519,12.334000000000001
7,3LEY_1,3.146,1.146,4.373,2.334
8,1XGY_1,2.319,1.5590000000000002,2.578,2.046
10,3J1S_1,4.715,1.755,6.098,3.718
11,3CFD_1,3.935,2.073,5.353,3.201
10,2V7N_1,1.107,0.16699999999999998,1.498,1.369
22,1RHH_1,5.968,5.521,10.453,9.709
15,3OJD_1,4.869,2.075,5.730,4.681
3,4QT5_1,1.237,0.022000000000000002,1.690,1.4709999999999999
10,5MYO_1,4.712,2.5980000000000003,7.487,6.106
6,4RAV_1,1.835,0.426,2.166,1.02
5,3A6C_1,0.964,0.17300000000000001,1.030,0.365
13,6ORP_1,6.033,4.314,8.913,8.368
9,6CJK_1,2.925,2.088,3.142,2.593
24,5W08_1,7.432,5.149,8.517,6.757999999999999
11,6O3B_1,3.881,2.0540000000000003,4.672,4.093999999999999
13,6GG0_1,4.166,3.573,5.749,5.306
10,5XWD_1,3.720,2.285,4.080,2.766
15,4J4P_1,5.415,2.352,5.808,3.02
7,1RZI_1,1.722,1.1320000000000001,2.502,1.919
7,4YPG_1,3.495,2.416,4.514,4.281000000000001
8,1KEL_1,2.946,1.9469999999999998,3.323,2.287
15,4V1D_1,3.303,2.66,5.867,5.287000000000001
16,5WCA_1,1.757,1.153,2.968,2.248
19,5UEM_1,1.221,0.34600000000000003,1.767,1.127
4,3U0W_1,1.174,0.38299999999999995,2.946,2.582
9,6BJZ_1,1.341,0.759,1.453,1.0170000000000001
12,4N90_1,5.564,3.3289999999999997,7.007,4.459
10,5GS0_3,1.417,0.40700000000000003,2.003,1.078
4,5GIR_1,1.748,0.327,1.895,1.104
13,2YK1_1,5.891,4.371,12.530,12.279000000000002
17,5YOY_1,5.002,3.667,6.061,5.739
15,4NRX_1,3.145,1.9269999999999998,3.799,2.474
14,3GO1_1,4.726,3.199,5.661,4.628
13,5F9W_1,1.347,0.261,2.609,2.2969999999999997
13,2R0Z_1,0.569,0.188,0.717,0.486
19,4NNP_1,7.266,6.028,12.780,11.253
10,1JN6_1,4.923,2.707,5.546,3.826
12,4BH8_1,0.726,0.253,0.789,0.35100000000000003
13,4LVH_1,2.249,1.012,2.338,1.069
9,4C83_1,2.556,1.595,2.964,2.5860000000000003
14,1CZ8_1,1.109,0.249,1.167,0.44799999999999995
14,4DGV_1,5.458,3.2910000000000004,7.076,5.542999999999999
16,4N9G_1,,,,
17,4HK3_1,1.906,0.653,2.153,0.97
15,3D0L_1,4.461,4.059,8.210,7.76
13,1DVF_1,5.739,2.762,9.097,7.611000000000001
6,1SM3_1,2.730,1.224,2.984,2.23
17,4YK4_1,3.460,2.003,6.928,6.145
13,3FO1_1,1.220,0.29100000000000004,1.551,0.436
20,6E56_1,6.735,5.775,11.643,11.314
12,4NKO_1,4.676,1.82,6.132,4.0489999999999995
8,1A7N_1,1.933,0.135,2.089,0.225
21,4OAW_1,5.880,4.045,8.920,8.875
10,4M7J_1,2.059,0.391,2.305,0.429
15,4Q2Z_1,4.882,2.892,7.333,5.792000000000001
12,3NN8_1,0.803,0.262,1.122,0.6509999999999999
15,5VLP_1,5.254,3.195,7.145,5.537000000000001
8,6B9J_2,0.297,0.11699999999999999,0.324,0.156
11,2FJF_1,2.344,0.94,3.266,1.5030000000000001
17,5UDC_1,0.894,0.522,1.036,0.77
20,5IQ9_1,0.588,0.257,0.853,0.672
16,4FZE_1,5.255,3.162,6.368,4.952
9,5IFA_1,0.337,0.175,1.022,1.031
12,5OTJ_1,4.437,1.682,4.893,3.187
8,5F6H_1,1.106,0.34700000000000003,1.199,0.47200000000000003
10,4RRP_1,0.676,0.22399999999999998,0.772,0.431
9,5BVJ_1,2.401,0.93,2.820,1.374
12,5ZV3_1,0.389,0.28,0.503,0.45
14,1UWX_1,5.140,2.1959999999999997,6.251,4.053999999999999
13,4LSP_1,2.433,0.361,2.634,0.588
5,1NDM_1,2.303,0.9640000000000001,2.587,1.486
10,5EA0_1,2.518,2.123,3.528,3.745
14,5JOF_1,4.268,2.77,6.031,5.242999999999999
7,2NR6_1,2.960,0.938,3.947,1.454
14,4JN2_2,1.839,0.629,2.674,1.382
6,5WAW_1,2.151,1.202,2.605,1.493
21,4NRX_2,4.458,2.515,5.695,4.2669999999999995
12,5C0S_1,0.280,0.209,0.327,0.28
20,5JR1_1,4.401,2.488,6.133,4.17
12,4ZSO_1,5.249,3.397,5.543,3.5810000000000004
24,3TCL_1,0.537,0.34700000000000003,0.848,0.745
28,3MME_1,7.802,6.562,13.326,12.01
10,3OZ9_1,2.476,1.7519999999999998,3.766,3.557
14,6N7J_1,5.717,3.4819999999999998,10.557,10.882
8,1B4J_1,1.588,1.187,1.877,1.614
17,5BK2_1,5.825,3.44,7.020,5.468
7,3IET_1,0.795,0.285,0.861,0.299
20,3GHE_1,3.034,1.3559999999999999,7.086,6.422999999999999
10,1MH5_1,3.016,0.943,5.438,3.6060000000000003
13,1QFW_2,4.476,3.611,5.361,4.64
10,2HWZ_1,4.793,1.659,4.891,1.8
11,1OB1_1,3.816,2.426,4.264,3.065
5,1PSK_1,1.105,0.237,1.377,0.764
10,5KEL_1,2.274,1.69,3.030,2.271
16,4JKP_1,0.986,0.21,1.006,0.271
22,4FQQ_2,5.824,3.258,11.903,10.519
12,5O4G_1,5.463,3.5789999999999997,6.575,6.19
10,3LIZ_1,6.267,3.3810000000000002,6.842,4.343
12,3TT1_1,3.745,2.202,3.982,2.9610000000000003
9,3V6O_1,2.936,1.3730000000000002,3.582,1.804
8,4O51_1,1.315,0.261,1.529,0.54
25,3Q6G_1,5.994,3.9010000000000002,12.315,11.743
12,1IQW_1,0.643,0.196,0.783,0.44
13,4KI5_2,5.929,3.847,6.481,5.106
10,4YGV_1,1.676,0.573,2.111,1.624
11,4JFZ_1,0.688,0.127,0.788,0.5720000000000001
8,5WCC_2,2.545,1.775,3.400,3.029
13,4JPW_1,2.047,1.139,2.084,1.34
13,1RZG_1,4.385,3.252,7.865,6.829
15,6D0X_1,5.016,4.565,5.960,5.665
6,5IHZ_4,4.187,2.758,6.285,3.8569999999999998
6,1ZA6_1,4.177,2.43,6.542,5.131
4,1EMT_1,3.306,1.7730000000000001,4.186,2.612
7,1JGL_1,0.627,0.249,1.205,1.212
5,1XGU_1,0.794,0.068,0.879,0.153
18,5DRW_1,5.889,4.236000000000001,10.780,8.752
14,6GLW_1,5.439,3.21,7.402,6.27
14,3GKW_1,5.741,4.4110000000000005,8.489,7.975
10,5OB5_1,4.049,2.12,5.086,3.502
10,1EGJ_1,1.610,1.104,1.969,1.624
12,4JPK_1,1.200,0.41100000000000003,1.452,0.6629999999999999
8,3E8U_1,3.062,1.218,3.986,2.156
7,5VTA_2,1.227,0.33799999999999997,1.270,0.5529999999999999
18,4ODX_1,2.800,2.046,8.550,7.44
26,3U2S_1,1.292,0.932,1.503,1.234
8,6ELE_2,3.385,1.43,3.611,1.926
14,1Y18_1,0.516,0.11900000000000001,0.627,0.341
12,1JRH_1,3.599,2.272,4.218,3.1860000000000004
10,1AD0_1,0.435,0.16899999999999998,1.093,0.866
15,5W6G_1,0.910,0.38799999999999996,1.140,0.7290000000000001
11,4KUZ_1,2.228,0.8759999999999999,3.447,1.821
14,3U36_4,1.141,0.6809999999999999,1.457,1.067
19,1ZVO_1,6.877,6.877000000000001,9.059,9.046
13,5DMI_1,4.446,3.688,7.905,6.8260000000000005
13,4JAM_2,1.388,0.32,1.741,0.6509999999999999
18,4FQL_1,3.566,2.2880000000000003,5.548,5.154
18,5TQA_1,0.811,0.326,1.044,0.955
10,6FLC_1,3.604,2.363,3.944,2.6189999999999998
12,5JO5_2,3.034,1.476,3.691,1.7919999999999998
10,3MCL_1,3.667,2.46,4.457,3.841
13,4QHL_1,1.621,0.731,2.063,1.472
9,3JAU_1,3.973,2.2969999999999997,8.606,5.914
7,3U0T_1,3.556,2.115,5.939,5.396
11,3L5W_1,0.609,0.261,0.788,0.603
8,1BVK_1,1.954,0.366,2.150,0.804
15,2QQK_1,6.529,3.575,8.133,5.917999999999999
24,4FQQ_1,1.293,0.626,1.894,1.531
11,2Y36_1,2.657,0.818,2.707,1.306
14,6A4K_1,2.627,1.3219999999999998,3.082,1.8659999999999999
12,5BK5_4,0.346,0.139,0.459,0.457
10,4HK0_1,4.306,1.902,4.670,2.65
11,3UBX_1,4.530,3.0389999999999997,5.224,4.707
13,5USH_1,3.502,2.039,3.739,2.319
18,6MEE_1,0.632,0.314,1.063,0.9229999999999999
20,6CW2_1,5.646,3.418,8.144,7.075
13,5XBM_1,4.212,2.335,4.693,3.33
13,4HZL_1,2.419,1.9180000000000001,3.372,3.3760000000000003
11,4HT1_1,3.355,1.993,4.037,3.053
9,1YUH_1,4.195,2.423,4.676,3.2239999999999998
7,5I1J_1,2.725,2.4930000000000003,3.238,3.6
20,5WDF_1,1.079,0.239,1.301,0.62
11,1QGC_1,2.814,1.6340000000000001,2.859,1.715
18,4YWG_2,0.666,0.363,0.716,0.5
10,1DLF_1,5.265,3.293,8.861,6.522
6,6MH2_2,3.868,1.675,4.010,2.7119999999999997
13,6DZN_1,2.849,1.4780000000000002,3.165,1.861
11,4M7K_1,4.951,2.92,8.368,5.444
21,5UIX_1,7.325,5.522,10.677,10.162
21,5U4R_1,5.450,4.61,7.109,6.651
8,3WLW_1,1.140,0.514,1.410,1.214
19,3Q6F_1,5.202,2.582,6.420,4.516
10,2CJU_1,1.378,0.617,1.427,0.741
13,1IBG_1,4.668,3.447,5.903,5.337000000000001
13,6DCV_1,1.461,0.6709999999999999,1.551,0.8170000000000001
14,1DQD_1,5.102,4.073,9.624,8.046
13,3GIZ_1,5.014,2.117,5.842,3.2539999999999996
11,4ZFO_1,4.568,2.699,8.501,7.871
7,3IF1_1,0.774,0.27699999999999997,0.850,0.35600000000000004
12,5FGB_1,3.407,2.083,4.146,2.968
10,5TGB_2,2.760,1.756,3.025,2.436
13,2J6E_1,6.032,4.77,7.377,6.727
16,4N0Y_1,5.566,4.087,9.019,7.771
4,3QG6_1,1.538,0.401,1.908,1.087
13,5JUE_1,3.784,2.459,4.033,2.9360000000000004
11,1PG7_1,2.501,1.016,2.961,1.558
25,6QNA_1,1.483,0.589,2.090,1.381
13,2GSI_1,4.815,2.7239999999999998,9.191,7.382000000000001
7,5T6P_1,2.099,0.732,2.386,1.006
13,4JAM_1,0.987,0.45,1.104,0.758
12,4NJ9_1,0.632,0.215,1.072,0.5589999999999999
13,5L6Y_1,7.172,4.637,11.261,10.203
15,3LHP_1,2.185,1.5219999999999998,2.596,1.8090000000000002
7,1FE8_1,2.187,0.763,2.326,1.236
14,2J4W_1,3.395,2.661,7.680,6.982
10,5I1D_1,1.360,0.499,1.440,0.7390000000000001
16,6B0A_1,2.264,1.215,4.999,4.306
10,6H3H_1,1.924,1.115,2.192,1.919
11,3NZ8_1,4.803,3.0389999999999997,6.280,4.895
8,3J2X_1,1.976,0.7,2.711,1.3880000000000001
10,2D03_1,0.844,0.162,0.936,0.369
16,6AZM_1,0.671,0.294,1.244,1.114
18,5U0R_1,2.048,1.412,2.429,1.665
10,6AZ2_1,0.575,0.11900000000000001,0.855,0.525
10,5ZS0_1,5.945,3.91,6.879,5.791
9,5WUV_1,4.492,2.217,5.603,3.339
9,6FOE_1,2.940,1.651,5.534,3.7689999999999997
