local_AA,local_CA,global_AA,global_CA,ID
0.963,0.427,1.220,0.786,2R0W_1
4.450,3.283,7.785,6.694,1RZG_1
3.299,1.069,3.944,1.655,1UB6_1
2.709,1.375,2.901,1.761,4YGV_1
1.550,0.986,2.104,2.037,5L7X_1
3.314,1.715,4.066,2.779,6AVN_1
4.440,2.711,5.340,3.776,4LSR_1
5.644,3.744,7.884,5.883,4PB0_1
3.973,2.791,7.215,6.562,5GJS_1
4.249,2.563,4.785,3.418,3QHF_1
6.004,4.631,6.496,5.525,3MLT_1
2.852,1.663,3.281,2.420,6H3T_1
1.397,0.178,1.751,0.934,2EKS_1
4.700,2.685,5.757,4.121,5I17_1
3.621,2.205,4.272,3.658,5BO1_1
3.534,1.993,4.195,2.561,3R1G_1
4.363,2.816,5.130,3.891,1B2W_1
6.387,4.401,13.326,12.161,1C12_1
5.087,3.451,6.394,4.792,1XIW_1
2.005,0.774,2.273,1.046,5T6P_1
0.795,0.096,1.563,0.686,5KVL_1
3.785,2.589,4.049,3.271,6AZ2_1
4.712,2.402,7.825,5.171,32C2_1
2.294,0.319,2.600,1.127,5DQD_1
4.490,3.051,5.203,4.677,3UBX_1
3.639,2.562,5.153,4.458,6DDV_1
5.684,3.852,12.398,11.795,4OCS_1
7.626,6.291,11.190,9.494,5VIY_2
3.362,2.545,4.451,4.354,4RGM_1
0.972,0.385,1.045,0.617,4JKP_1
1.029,0.304,2.251,1.976,4XGZ_1
1.405,1.068,2.025,1.956,1JPS_1
1.412,0.637,1.982,1.429,5VTA_2
5.146,3.330,8.673,6.523,1DLF_1
2.668,1.583,2.895,1.818,6APC_1
5.662,4.391,7.779,6.850,4N9G_2
5.693,3.806,10.288,8.511,2QQN_1
4.176,2.367,6.003,5.394,1OAK_1
3.870,2.280,5.699,3.129,1NCW_1
4.051,2.246,4.519,2.566,6N5E_1
5.149,2.972,7.044,5.554,6ELE_1
3.105,1.763,3.774,2.577,6DF2_1
1.606,0.916,1.996,1.791,5CEY_1
6.656,4.277,8.137,6.501,3PJS_1
2.264,1.680,2.995,2.280,5KEL_1
3.770,2.470,4.271,3.691,1F11_1
2.494,0.995,2.815,1.629,5I1C_1
0.935,0.250,1.316,1.024,4RDQ_1
2.499,1.815,3.202,2.229,3I2C_1
2.707,1.325,3.298,1.870,4L5F_1
3.250,2.626,5.313,4.203,4M8Q_1
4.984,2.617,6.242,4.221,6D9G_1
2.094,0.835,2.665,1.676,4FFV_1
4.549,1.949,6.262,3.281,5TIH_1
3.511,2.462,4.083,3.158,3K2U_1
1.048,0.171,1.112,0.322,4OLZ_1
7.009,4.860,5CJO_1
templates
3.111,1.275,3.690,2.714,1GGB_1
6.882,6.882,9.052,9.039,1ZVO_1
4.690,1.415,4.896,1.828,5TKK_1
5.117,3.037,7.704,6.268,5Y9F_1
0.573,0.349,0.728,0.536,5UMN_1
1.781,0.797,1.857,0.928,5UDC_1
5.643,3.372,10.389,9.667,4S1D_1
1.100,1.240,1.172,1.447,4NRY_1
5.631,4.310,11.212,11.292,6E4X_1
1.361,0.338,1.402,0.447,3L5X_1
5.175,3.571,6.341,5.072,6JEP_1
1.892,0.680,2.463,1.394,1FSK_1
5.659,2.380,6.308,4.263,4HGW_1
2.724,1.593,4.772,4.214,5E94_1
1.779,0.680,4.577,2.758,2VXT_1
5.208,2.518,8.710,7.739,5DRZ_1
3.836,2.243,7.148,5.843,1F3D_1
1.900,1.166,2.619,1.837,5TR8_1
1.970,0.687,2.794,1.468,3J2X_1
2.170,0.763,2.313,1.229,1FE8_1
1.113,0.073,1.756,0.987,5ZXV_1
5WNB_1
1.943,0.844,2.698,2.223,6C6X_1
5VKK_2
3.092,1.219,3.987,1.472,6BJZ_1
4.936,2.741,6.882,4.951,3WHE_1
2.859,2.550,3.599,3.475,1QNZ_1
1.984,1.270,5.134,4.044,3H0T_1
5.711,4.348,9.869,8.589,3PNW_1
5.416,3.687,7.941,5.076,5WL2_1
2.523,1.668,3.430,2.988,5WCC_2
4.361,2.251,4.824,3.059,5XCX_1
2.871,1.505,3.823,2.632,4J8R_1
1.705,0.840,2.356,2.035,8FAB_1
1.881,0.334,2.285,0.999,5V6M_1
3.203,1.472,4.207,3.033,1H3P_1
2.434,1.544,2.970,1.955,5VSH_1
2.992,0.714,5.279,3.103,5TDO_2
4.944,3.533,9.395,8.643,4YDV_1
4.053,2.375,4.694,3.177,4HLZ_1
4.075,2.423,5.471,4.479,6AMJ_1
2.931,1.651,5.527,3.775,6FOE_1
5.335,3.799,6.232,5.636,5VK2_1
5.368,3.354,7.514,6.001,2GSI_2
5.432,3.894,10.182,10.182,3MLW_1
1.048,0.488,1.384,1.092,3C09_1
4.408,3.174,5.277,4.680,5JO4_2
1.156,0.215,1.347,0.740,5BMF_1
5.181,3.189,5.667,4.800,5B3J_1
1.483,0.821,1.849,1.464,5UBZ_1
4.717,1.164,5.763,3.272,5EOR_1
3.332,2.542,4.406,4.145,1I7Z_1
6.032,5.270,9.470,9.258,5K9Q_1
2.847,2.112,4.488,3.987,5DUR_1
5.309,3.259,6.511,4.847,5Y9C_1
1.814,0.873,2.079,1.684,5UBY_1
2.777,1.923,2.912,2.934,1XGR_1
3.276,1.836,3.964,2.839,4IJ3_1
3.099,2.594,5.280,5.776,5XMH_1
3.378,2.337,4.124,3.383,6B08_1
1.703,1.218,2.694,3.037,5D6C_1
4.192,2.198,4.953,2.843,1C5D_1
5.271,2.897,8.307,8.173,6IUV_1
3.089,1.856,5.700,4.221,5DLM_1
9.096,7.290,11.468,10.683,4M5Y_1
4.991,2.144,5.907,3.306,3GIZ_1
1.567,0.982,2.424,2.343,4LSS_1
1.155,0.090,2.122,2.218,5OBF_1
4.447,2.312,6.551,4.446,3SDY_1
5.168,3.161,7.174,5.562,5VLP_1
4.972,2.245,5.097,2.714,2DTM_1
0.665,0.254,0.904,0.554,4NJA_1
1.920,0.918,2.355,1.738,1FOR_1
2.421,1.235,5.068,4.325,6B0A_1
4.305,2.646,6.296,4.278,5LQB_1
3.989,2.383,4.619,3.055,3I02_1
3.676,2.469,4.466,3.832,3MCL_1
0.729,0.244,0.824,0.553,4GAJ_1
2.845,1.277,4.153,2.817,2R0K_1
1.346,0.407,2.569,2.524,1FJ1_1
6.145,4.597,10.291,10.473,5UG0_1
5.187,2.921,7.643,4.734,6FAX_1
3.548,1.536,4.564,3.032,4OQT_1
4.484,3.970,5.507,5.059,4ODH_1
1.632,0.473,1.940,0.761,4QHN_1
3.243,2.052,3.634,2.274,5VXR_1
1.321,0.334,1.519,0.985,1P2C_1
0.455,0.134,0.547,0.177,1KIP_1
3.300,1.644,4.317,2.804,4K3J_1
6.074,3.379,7.941,6.372,5EII_1
5.726,4.406,8.495,7.979,3GKW_1
3.708,2.624,3.965,3.336,4LSQ_1
2.839,1.719,4.367,3.770,1IQD_1
6.177,3.632,7.093,5.171,3EFD_1
5.123,2.610,7.657,5.600,6IVZ_1
5.123,3.132,9.012,6.365,5T33_1
4.076,1.862,5.076,3.888,5SZF_1
0.814,0.350,1.053,0.782,4JPK_1
3.953,2.626,5I8O_1
4.302,1.592,5.357,3.057,4MAU_1
5.633,4.974,8.013,8.079,6BKC_1
4.461,2.410,7.288,5.484,6AL4_1
2.252,1.469,2.788,2.078,3GBM_2
3.426,2.286,3.628,2.717,4JFZ_1
3.751,2.247,4.753,3.664,2QSC_1
0.981,0.206,1.308,0.799,5TDO_1
3.646,1.793,4.953,3.298,5T1D_1
5.715,3.924,6.072,4.615,3LMJ_1
3.626,1.840,5.738,4.135,1Y0L_1
3.478,2.027,6.909,6.106,4YK4_1
2.685,1.613,2.951,2.262,1NL0_1
0.804,0.360,1.067,0.572,1A7N_1
2.048,1.138,2.086,1.336,4JPW_1
3.507,1.728,4.490,2.482,2AJ3_1
1.025,0.320,1.245,0.686,5UKP_1
3.231,2.701,4.020,3.620,2IQA_1
3.558,1.258,4.472,2.083,2XQY_1
5.069,3.723,6.512,5.108,4YWG_1
1.301,0.390,1.604,0.924,3O2V_1
4.845,3.015,6.411,5.261,5VIC_1
2.354,1.551,3.984,3.122,4DN3_1
3.728,2.503,8.035,6.913,4NYL_4
3.123,1.457,4.183,2.241,3QUM_2
1.765,0.965,2.322,1.719,6BDZ_1
5.929,3.923,6.912,5.304,1RIH_1
3.326,2.063,3.687,2.625,5I8C_1
1.389,1.236,1.573,1.547,3H3P_1
7.488,5.448,9.554,7.881,6BCK_1
3.411,2.502,4.092,3.687,4JY5_1
4.202,2.934,5.080,3.716,3LRS_1
2.627,0.984,3.506,2.341,5F3H_1
4.866,2.712,5.817,4.547,4DKE_1
1.063,0.113,1.124,0.237,5VJQ_1
5.548,5.320,7.016,7.652,6MEE_2
1.357,0.523,1.520,0.849,4JPI_1
4.685,2.778,6.267,4.819,6ATT_1
4.420,2.404,4.874,3.580,4QCI_1
0.770,0.291,1.029,0.598,5T5B_1
4.717,1.759,6.096,3.717,3J1S_1
3.234,2.403,4.228,3.700,3UTZ_3
3.219,1.758,3.967,3.585,3KJ4_1
5.205,2.925,6.137,3.950,5WI9_1
1.256,0.424,1.354,0.570,2DQD_1
3.943,2.475,6.476,6.773,5DD6_1
1.951,0.756,2.402,0.902,5TPL_1
5.543,4.556,11.313,10.194,5Y2L_1
4.336,1.480,4.517,1.798,1CLO_1
4.125,2.075,5.007,3.830,1YJD_1
3.465,1.993,5.973,3.925,5N2K_1
4.124,3.077,5.310,4.345,4QTH_1
4.276,2.055,5.907,4.159,5TLJ_1
5.195,4.070,5.372,4.811,2A9N_1
7.128,6.006,12.150,10.565,4NNP_1
1.116,0.190,1.217,0.415,1G7L_1
3.101,1.551,4.576,3.633,1FLR_1
5.248,2.322,5.573,2.913,4J4P_1
3.970,2.613,8.091,7.558,3WD5_1
0.934,0.204,1.168,0.864,6DLB_1
3.155,2.114,3.403,2.504,6GV4_1
6.614,5.348,12.488,12.295,5JZ7_1
2.745,1.649,3.803,2.976,6OTC_1
2.078,0.965,2.328,1.262,4EBQ_1
2.147,0.427,3.168,0.799,2DDQ_1
1.227,0.234,1.329,0.476,2DQF_1
3.614,1.931,4.223,2.408,4RNR_2
4.394,2.652,4.879,2.987,1TZI_1
5.209,3.683,6.526,5.191,5GMQ_1
5.933,4.378,10.599,8.223,4F58_1
6.354,4.680,8.642,7.976,2QAD_1
4.784,2.348,6.592,5.063,3BAE_1
4.596,1.656,4.669,1.767,2HWZ_1
2.782,2.257,3.317,2.838,6NB3_1
4.548,1.952,8.831,5.964,3J70_1
3.024,1.485,3.674,2.249,1F4W_1
3.617,1.929,6.456,4.972,6H0E_1
1.022,0.210,1.064,0.316,6A79_1
3.574,2.270,4.195,3.170,1JRH_1
3.640,2.346,4.470,3.645,3QQ9_1
1.681,0.910,2.384,1.786,4XH2_2
1.703,1.453,2.263,2.585,2G60_1
2.971,1.334,3.226,1.915,2Y36_1
4.235,2.160,4.612,3.166,5WK2_1
5.561,2.390,6.593,3.388,4ZYK_1
3.809,1.835,4.019,2.193,4M43_1
4.409,2.515,4YDL_1
4.770,3.385,5.303,4.226,4POZ_1
2.779,1.473,3.229,2.048,6MTQ_1
3.927,3.218,11.168,10.722,6CA6_1
3.128,2.696,3.919,3.340,1T4K_1
2.835,1.801,3.373,2.344,1L7I_1
1.765,0.262,2.342,1.312,4KPH_1
4.613,3.436,6.668,5.462,6BLH_1
4.759,2.893,6.751,5.466,1KEN_1
0.969,0.228,1.058,0.540,4OM0_1
3.991,2.123,5.433,3.577,4HG4_1
3.603,2.156,4.239,3.560,5YFI_1
5.457,4.621,7.118,6.662,5U4R_1
4.847,3.161,6.663,5.174,5JQD_1
5.117,3.174,7.252,5.051,1FBI_1
2.963,1.245,3.304,1.513,1BLN_1
5.550,3.336,7.807,6.911,1SY6_1
3.866,2.491,4.376,3.408,1GIG_1
3.488,2.374,7.517,6.104,2XWT_1
1.623,0.567,3.833,3.746,5MES_1
1.733,0.751,1.826,0.857,2UUD_1
5.479,3.381,6.456,5.151,1SEQ_1
3.355,2.370,4.408,4.238,3KS0_1
5.291,3.617,7.154,6.810,3VG9_1
0.948,0.341,0.965,0.503,1ORQ_1
1.499,0.224,1.692,0.861,4WUK_1
4.101,2.632,4.851,3.420,3NN8_1
5.639,3.553,7.542,6.666,4HK0_2
4.713,1.961,6.224,4.114,4NKO_1
6.472,4.505,14.229,12.284,5BZD_1
3.791,1.951,4.204,2.424,1FRG_1
1.359,0.268,1.442,0.551,1FVD_1
2.298,1.249,3.551,2.965,5I1K_1
0.739,0.739,0.921,0.941,2RCJ_1
2.249,1.296,4.743,4.538,1Q72_1
3.731,2.607,5.368,4.212,1MAM_1
1.132,0.257,1.479,0.711,5WKZ_1
4.445,3.440,7.427,7.431,3UJI_1
3.083,0.756,5.171,2.962,6BHZ_2
5.001,2.148,7.117,6.328,1F8T_1
5.399,3.215,8.882,7.911,5DD5_1
2.700,2.129,4.440,4.080,6GK8_1
3.366,2.321,4.372,3.191,6MTT_1
2.382,1.801,4.767,4.020,5I18_1
3.129,1.851,3.715,2.124,3J42_1
2.561,1.291,3.341,1.999,1Q0X_1
2.993,1.088,3.278,1.439,3IY1_1
1.134,0.378,1.457,1.075,3GK8_1
2.355,2.355,4.941,4.931,4UIF_1
6.461,5.552,12.108,11.837,5KAQ_1
3.316,2.523,5.459,4.283,5VAG_1
2.804,1.743,4.479,3.095,5TRU_1
4.471,3.612,5.370,4.646,1QFW_2
1.344,0.360,1.384,0.516,3A6C_1
2.702,1.035,4.154,2.298,2GK0_2
2.428,1.670,3.957,2.346,5TZT_1
3.542,1.882,3.785,2.176,3HAE_1
3.836,2.030,3.949,2.597,3L95_1
0.601,0.268,0.731,0.624,4EDX_1
4.187,2.369,5.894,5.171,1FNS_1
2.570,1.842,2.889,2.809,1XGQ_1
5.185,3.023,9.829,8.840,5DRN_1
4.700,2.323,6.137,3.396,1SBS_1
1.850,1.139,2.676,2.770,4AT6_1
5.011,2.079,7.729,6.229,1IKF_1
1.721,0.506,1.874,1.364,5NHW_1
5.882,3.755,9.482,8.783,5WNA_1
4.246,2.058,5.871,3.771,1YNT_1
5.994,4.609,11.650,10.500,5E8E_1
4.103,2.710,4.626,2.998,6IUT_1
8.424,8.424,25.010,24.977,5Y0A_1
4.238,1.803,4.709,2.520,4HK0_1
4.939,2.557,9.984,10.126,5NJ6_1
2.564,1.519,3.104,2.734,5VQM_1
4.000,2.422,4.995,3.679,5C0R_1
1.003,0.514,1.232,0.798,6BZU_1
1.928,0.064,2.579,0.625,5YY5_1
2.757,1.348,4.138,2.538,6DCA_1
2.546,1.248,4.762,3.924,4Z0X_1
0.921,0.202,0.991,0.459,4OLU_1
1.044,0.208,1.104,0.462,4OM1_1
4.705,3.111,8.208,7.007,6DB5_1
3.802,3.802,7.964,7.993,4C2I_1
1.913,1.822,2.226,2.201,4ONG_1
2.136,1.624,4.027,3.759,1CIC_2
5.546,4.085,9.006,7.768,4N0Y_1
5.907,4.672,6.722,5.383,5MP6_1
4.055,3.640,6.211,5.993,6OBZ_1
4.348,2.856,6.610,5.745,1MCO_1
2.854,1.406,3.999,2.960,4K2U_1
2.762,1.907,4.327,4.050,2R56_1
1.251,0.142,1.608,0.996,2EIZ_1
4.544,2.802,5.624,4.854,5EN2_1
2.210,0.952,2.705,1.160,5GS0_1
4.302,2.348,5.309,3.594,4XHJ_1
3.075,1.639,3.402,2.094,5KN5_1
4.875,3.694,6.087,5.445,5A3I_1
4.223,1.401,5.346,2.815,4OCX_1
3.610,1.848,5.299,3.067,3IY2_1
4.410,2.953,5.809,5.115,5BK1_2
2.089,1.209,4.111,2.659,1NSN_1
4.699,2.636,4.868,3.002,6II8_1
7.722,5.441,12.373,11.020,1ZA3_1
5.310,3.476,6.990,5.911,4FZ8_1
5.333,3.311,6.451,5.380,4IMK_1
2.403,1.484,3.356,2.356,1UYW_1
2.357,1.033,2.820,1.489,5UEK_1
5.559,3.277,6.727,3.861,4XI5_1
3.312,1.734,3.964,2.682,5IFH_1
4.397,2.317,8.497,5.853,3JAU_1
3.619,2.226,6.008,5.653,6DW2_1
4.358,2.833,5.784,4.883,4R90_1
2.513,1.500,2.686,1.771,3O6K_1
6.144,4.089,12.123,11.816,4HFU_1
4.961,4.106,5.643,5.779,4Y5X_1
2.500,0.309,2.632,1.314,4AG4_1
0.901,0.439,1.046,0.754,3IY0_1
7.478,6.259,11.853,11.120,4DQO_1
2.962,1.901,7.443,6.697,3LH2_3
4.949,2.981,5.538,4.796,5K9O_1
5.463,3.299,7.039,5.556,4DGV_1
2.347,1.315,2.693,2.264,2XZQ_1
4.606,2.242,5.111,3.464,3S35_1
1.933,0.467,2.229,1.404,3AB0_1
4.932,3.419,5.507,5.411,5E08_1
2.437,0.679,3.080,1.945,4KVN_1
6.032,3.687,7.839,6.651,4HK3_1
1.580,0.794,1.638,0.854,4RZC_1
4.626,2.824,6.442,4.512,5EPM_1
3.486,2.583,3.774,2.897,6FBJ_1
3.085,1.912,6.092,5.011,4Q6I_1
3.447,1.826,3.769,2.911,5CP3_1
4.848,3.032,6.202,4.638,3PHQ_1
4.661,2.483,6.553,4.447,5VL7_1
3.091,1.418,5.125,4.697,1FIG_1
3.642,1.606,4.197,3.014,2FAT_1
0.861,0.219,1.002,0.682,4GAY_2
2.584,1.158,3.735,2.143,6DG2_1
2.233,1.044,2.431,1.496,5MO9_1
4.807,3.356,6.678,6.958,4PUB_1
1.380,0.745,1.591,1.067,5X08_1
4.438,2.966,6.057,5.394,5BK1_1
1.340,0.323,1.410,0.538,2DQC_1
3.747,2.224,8.013,6.623,4ZYK_2
6.771,5.472,11.351,11.056,6CMG_1
4.130,2.239,4.306,2.814,4X4X_1
1.180,0.452,1.266,0.559,5ESV_1
4.707,3.245,7.363,5.434,6N81_1
1.287,0.307,1.362,0.458,2DQH_1
4.871,2.856,5.167,3.442,1B4J_1
3.814,1.927,6.580,4.852,3ZL4_1
4.039,2.142,4.660,3.038,3IU4_1
3.888,2.684,4.288,4.012,4K7P_1
4.949,2.448,5.498,3.428,1H0D_1
4.909,2.192,5.752,4.452,1MRC_1
3.191,1.793,4.043,3.128,5ZIA_1
0.761,0.359,0.848,0.576,2IQ9_1
3.347,2.318,4.369,3.177,1AE6_1
5.938,3.859,6.431,5.030,4KI5_2
5.660,4.245,9.182,9.208,4HF5_1
1.836,1.071,3.048,2.822,1JGL_1
4.719,3.203,5.647,4.626,3GO1_1
5.620,4.150,7.533,7.095,6N8D_1
7.104,4.882,14.356,13.445,5WOB_4
1.336,0.328,1.417,0.560,1J1O_1
3.716,2.142,4.172,2.857,1AD9_1
3.891,1.917,4.046,3.101,5CMA_1
5.947,3.467,10.757,10.849,6N7J_1
4.727,2.783,6.069,4.530,1AQK_1
2.761,1.481,3.095,2.057,3GBN_1
4.380,1.414,4.776,1.934,1WT5_1
8.368,6.489,11.582,9.605,1FAI_1
0.953,0.252,1.142,0.564,4Y5Y_1
2.436,1.031,3.106,1.812,6CBV_1
5.610,2.554,9.094,7.836,3M8O_1
2.231,1.190,2.515,1.578,5FGC_1
3.577,2.272,3.894,2.728,6N5E_2
2.267,1.486,3.864,2.686,3G5Y_1
3.080,1.814,4.705,3.357,4M6M_1
4.272,2.832,5.614,3.986,3PHO_1
5.219,4.045,5.513,4.801,2A9M_1
1.469,1.469,2.783,2.762,3IXX_1
2.645,1.069,3.378,1.657,4UIK_1
6.275,4.491,9.104,7.246,3LRS_3
2.956,2.199,3.427,3.150,4S2S_1
5.132,2.929,6.176,4.744,5MHE_1
2.802,1.461,3.138,2.036,5C0S_1
7.442,5.886,13.632,12.693,2GFB_1
2.918,1.998,4.158,3.424,3IFO_1
0.335,0.120,0.436,0.314,3NA9_1
3.589,1.790,6.596,5.976,4LVN_1
3.936,2.186,5.507,3.729,4HG4_2
2.746,1.522,3.105,2.234,5FGB_2
3.625,3.625,6.806,6.788,3J6U_1
1.219,0.382,2.859,2.501,3U0W_1
3.986,3.083,5.207,4.969,5NPH_1
5.251,2.319,6.267,5.040,1D5I_1
1.532,1.206,2.494,2.454,2FGW_1
5.085,4.196,8.680,8.545,4YFL_2
2.528,1.383,4.187,2.792,2ZJS_1
4.125,2.324,4.666,3.173,1YUH_1
3.160,1.448,3.788,1.861,3KDM_1
2.144,1.059,3.975,3.031,4R4B_1
0.850,0.217,1.278,0.901,5TDN_1
4.110,2.265,4.494,2.533,2ADF_1
1.552,0.546,1.727,0.775,4BKL_1
1.777,1.150,2.615,1.958,1RZI_1
4.322,2.945,6.779,5.206,5K9J_1
0.778,0.475,0.908,0.749,6D0U_1
4.411,3.312,10.046,8.720,6CA7_1
1.445,0.664,1.721,1.215,2VXQ_1
5.041,2.574,6.819,4.845,3Q6F_1
3.024,0.768,5.373,3.299,5TDN_2
4.943,3.376,9.146,8.704,5DD6_2
6.016,4.495,10.267,8.012,4F57_1
4.949,3.225,5.580,4.095,6GLX_1
5.402,3.778,7.163,5.149,3SO3_1
3.666,2.512,5.435,3.480,3D85_1
2.885,2.592,3.434,3.230,3EOT_1
4.380,2.458,5.802,3.787,5JR1_1
6.143,4.047,10.610,10.481,4FQK_1
4.095,2.140,4.591,2.710,12E8_1
4.545,3.746,5.647,5.348,4XAK_1
7.145,5.025,13.947,13.047,4IOF_2
1.574,0.662,1.890,0.971,6CUE_2
4.599,2.868,5.757,4.703,5XKU_1
5.604,3.555,7.637,5.843,4HIE_1
2.621,2.023,3.865,3.686,5WB9_1
3.874,1.983,4.156,2.332,6ARP_1
3.085,1.371,3.151,1.789,5GS0_3
5.078,2.824,8.933,6.241,2YPV_1
3.987,2.417,4.842,3.333,3FO0_1
4.087,2.416,4.531,2.834,3BDY_1
3.920,1.562,4.988,1.785,3PGF_1
4.194,2.668,5.575,3.902,5CD3_1
3.593,2.352,4.746,3.839,5ADO_1
4.466,2.268,5.726,4.120,4IRZ_1
4.125,1.948,7.423,6.687,6A3W_1
5.231,3.731,6.231,5.322,4CAD_1
1.991,1.126,3.263,2.694,4LQF_1
1.253,0.313,1.312,0.412,1ORS_1
1.565,0.819,1.810,1.209,4ZS7_1
1.312,0.667,1.334,0.800,1CLY_1
1.492,0.798,1.682,1.114,2QR0_1
2.064,1.751,2.527,2.353,3LH2_1
3.339,2.126,3.541,2.587,3CLF_1
3.268,1.778,3.773,2.474,1GAF_1
5.604,3.241,8.066,4.807,3DGG_1
4.207,2.467,6.573,5.154,1ZA6_1
3.022,2.430,3.383,2.778,5IK3_1
4.637,3.585,5.502,4.895,6FY3_1
5.049,3.677,6.546,5.091,4YWG_2
2.429,1.761,3.969,3.361,1DL7_1
2.798,2.087,3.442,2.807,3V7A_1
0.891,0.190,0.920,0.399,3NAB_1
5.359,2.143,6.723,3.420,2H32_1
2.189,1.186,3.673,3.021,1KB5_1
2.328,1.369,2.923,2.305,6MTR_1
4.272,2.026,5.668,3.275,2AI0_4
0.707,0.269,1.612,1.384,5SY8_1
1.487,0.816,1.963,1.372,4S1R_1
3.911,2.519,4.579,3.663,4NCC_1
2.412,1.745,2.988,2.645,4GMS_2
1.828,0.917,1.936,1.117,5UDD_6
6.760,5.780,11.675,11.332,6E56_1
3.906,2.365,4.634,3.516,5IT2_1
0.539,0.209,0.817,0.535,6CDM_1
4.963,3.209,7.837,5.928,3U36_1
3.347,1.964,3.732,2.501,1R24_1
1.942,0.218,2.192,0.609,4TSB_1
4.090,2.848,6.160,4.479,5J13_1
3.724,2.039,4.080,2.527,5GZ0_1
0.955,0.167,1.035,0.642,4Y5V_1
1.810,0.839,2.741,1.827,1JHL_1
1.522,1.209,1.690,1.341,4ISV_1
7.086,4.929,14.329,13.456,4IOF_1
1.412,0.871,1.643,1.262,2LTQ_1
5.213,2.373,5.571,3.237,1A4J_1
4.707,2.393,6.623,4.063,5IHZ_1
0.930,0.402,1.569,1.421,4UT6_1
0.909,0.176,0.968,0.382,3NCJ_1
3.087,1.592,3.806,2.873,3EO0_1
1.968,0.607,2.875,2.093,6MEG_1
5I16_1
2.200,0.839,3.444,1.844,4KUZ_1
2.689,1.431,3.151,2.099,5I1D_1
4.671,2.945,6.673,5.125,4JN2_2
2.257,1.050,2.660,1.622,5UCB_1
3.765,2.681,8.235,8.532,4YE4_1
1.959,0.843,2.152,1.280,5KG9_1
4.832,3.041,6.310,4.899,3NZ8_1
4.051,1.769,4.407,2.540,6MHR_1
2.308,1.415,3.543,3.147,3RKD_1
4.778,4.013,7.616,7.696,3QEH_1
9.138,7.888,16.089,16.049,6QNA_1
2.394,1.428,3.086,2.262,4OII_1
3.274,1.266,4.470,1.822,6BIT_1
1.346,0.330,1.414,0.533,3A67_1
5.415,3.917,6.896,5.633,1J05_1
5.137,2.703,5.653,3.659,4UTA_1
3.731,2.199,3.941,2.761,3TT1_1
4.477,2.696,6.690,4.426,3PIQ_2
5.004,3.674,6.052,5.734,5YOY_1
4.438,3.152,4.842,4.049,4UV7_1
2.972,1.407,3.848,3.178,2NZ9_1
1.967,1.198,2.183,1.572,1P4B_1
4.892,2.960,5.077,3.348,3VRL_1
1.745,1.227,2.407,2.013,3EYQ_1
3.911,2.619,6.397,4.382,3DVN_1
3.635,2.033,3.864,2.709,5O6V_1
4.472,2.698,7.679,5.361,5I1L_1
1.337,0.351,1.539,1.087,5I9Q_1
7.814,6.593,10.257,9.536,6E3H_1
1.170,0.457,2.149,2.107,4FQ1_1
2.631,2.455,3.170,3.507,5I1J_1
4.148,2.781,6.870,5.634,5JRP_1
4.911,4.055,10.229,9.137,3UJJ_1
3.655,1.748,6.183,5.856,6E62_1
2.038,0.442,2.154,1.221,4BH8_1
4.176,2.962,8.390,8.116,4K23_1
4.621,2.155,6.975,4.994,4HXB_1
3.029,2.439,3.212,2.788,3B2U_1
5.772,3.222,11.959,10.473,4FQQ_2
1.573,1.347,2.254,2.102,1KCR_1
1.545,0.662,1.677,0.807,4RZC_2
3.028,1.665,3.598,2.080,5I19_1
2.240,1.374,2.725,1.677,1LO0_1
2.737,0.273,2.840,1.037,4D3C_1
5.424,4.007,9.866,7.733,6MLK_1
6.044,3.271,6.950,4.742,3NPS_1
4.487,2.211,5.598,3.323,5WUV_1
2.206,0.705,2.462,1.546,5GKR_1
0.977,0.400,1.237,1.099,6BPC_1
4.809,2.999,5.614,4.253,4S1S_1
1.991,1.647,2.497,2.058,4DAG_1
5.583,3.267,7.260,5.200,3X3F_1
3.507,1.387,4.572,2.201,4K94_1
4.216,3.086,5.002,4.532,3U6R_1
4.446,2.925,6.633,6.075,4GSD_1
2.125,1.226,2.880,1.595,4BZ1_1
1.074,0.228,1.192,0.270,1FDL_1
0.927,0.401,1.152,0.910,5BK5_2
5.360,3.479,6.159,4.595,3O2D_1
1.026,0.269,1.163,0.515,5F6I_1
1.894,0.305,2.129,0.405,4HPY_1
2.250,1.883,3.689,3.521,4MHJ_1
3.995,2.653,5.096,4.065,6A67_1
2.096,1.145,2.713,1.313,4Q0X_1
7.616,6.388,12.966,12.176,3MUG_1
3.000,1.533,3.741,2.930,3IET_1
3.188,2.399,3.631,2.916,5EZI_1
5.252,2.666,7.114,5.904,1AXS_1
6.108,3.700,9.461,7.811,6IEK_1
3.821,2.198,6.059,4.785,4KY1_1
2.372,1.365,3.453,2.589,5I1D_2
2.066,1.438,2.426,1.663,5U0R_1
4.488,3.051,5.107,4.469,4WUU_1
2.831,2.542,3.327,3.180,4J1U_1
3.286,1.554,4.071,3.711,6AXL_1
2.970,1.279,5.001,3.160,5VL3_4
1.447,0.061,2.359,1.136,4WHT_1
5.133,2.925,5.992,4.035,5WKO_1
1.302,0.473,1.416,0.760,6MYY_1
3.905,1.632,5.937,2.985,4KQ4_1
1.345,0.631,1.702,1.284,2ORB_2
3.689,3.669,4.932,5.109,2F5A_1
1.058,0.197,1.144,0.491,5UKO_1
3.664,2.520,4.800,3.243,2G5B_1
7.763,5.590,9.871,7.466,6MAM_1
5.295,3.077,7.860,7.224,3PIQ_1
5.418,3.315,6.832,4.464,3I9G_1
3.520,2.317,4.152,3.368,6AZZ_1
1.603,0.672,1.744,0.792,5XCV_2
2.455,1.562,2.986,1.932,5X8L_1
4.479,3.127,6.410,6.050,3IFP_1
2.466,0.796,4.012,3.107,4QEX_1
5.519,4.084,7.464,7.542,6II9_1
1.879,0.749,2.167,0.988,1UJ3_1
0.655,0.194,0.682,0.294,3OKD_1
4.766,3.329,9.792,9.225,3IY7_1
2.567,1.597,3.195,1.985,5XXY_1
4.659,3.025,6.771,5.282,4O51_1
4.848,2.404,10.076,7.280,2HH0_1
2.559,1.596,2.970,2.587,4C83_1
0.663,0.279,1.127,0.831,5XCU_2
3.174,1.953,5.141,3.585,3G6A_1
4.237,3.257,6.687,6.067,5XHV_1
4.318,2.665,4.614,3.201,6CXY_1
1.133,0.461,1.460,0.820,3UJT_1
2.516,1.028,2.850,1.525,4JZN_1
5.768,3.797,16.980,16.576,2XTJ_1
2.626,0.939,3.204,1.404,1AP2_1
2.607,1.629,3.753,2.824,4G5Z_1
0.966,0.155,1.019,0.306,6A78_2
8.205,7.324,12.478,11.988,6QN7_1
4.777,3.967,6.274,5.483,3BQU_1
2.432,0.787,2.907,1.412,3MJ8_1
2.120,1.212,2.566,1.488,5WAW_1
4.438,1.679,4.894,3.189,5OTJ_1
3.262,2.141,4.029,3.320,3NZH_1
5.232,4.464,6.359,6.380,6NB5_2
3.636,2.859,4.628,4.529,4HFW_1
2.045,0.694,2.209,1.247,1OAX_1
1.965,1.183,2.560,2.087,3CXD_1
1.527,1.007,1.843,1.491,4XCN_6
1.608,0.224,1.852,0.662,4TTD_1
4.801,2.242,5.443,2.735,5B8C_1
2.557,0.895,2.937,1.474,5I1A_1
1.400,0.748,1.648,0.935,3GNM_1
4.962,2.702,5.580,3.822,1JN6_1
2.806,1.825,4.126,3.843,3S62_1
0.982,0.224,1.156,0.505,4TSC_1
1.183,0.455,1.337,0.935,5U3M_1
2.731,0.717,3.307,1.341,2D7T_1
4.926,3.139,6.779,4.307,5GRV_1
1.855,0.522,3.128,2.194,4D9L_1
4.896,2.876,6.931,5.151,2VWE_1
2.765,1.601,3.346,1.963,5CZX_1
4.788,3.126,6.315,4.047,2V7N_1
4.172,3.582,5.766,5.316,6GG0_1
4.361,2.572,5.730,4.255,5ITB_1
5.462,3.618,6.552,5.101,3I75_1
5.123,3.087,6.759,5.006,4BZ2_1
2.622,0.540,4.077,1.548,6MTP_1
4.724,2.584,6.352,4.355,1IAI_2
1.975,0.936,3.017,2.232,6BFQ_1
2.318,1.284,2.932,1.724,5YSL_1
5.138,3.013,6.545,4.752,3TNM_1
2.188,1.462,2.338,1.945,2VQ1_1
1.399,0.331,1.581,0.745,2YSS_1
3.759,2.496,5.238,4.153,6DC9_1
0.658,0.232,1.113,0.570,4NJ9_1
3.746,2.243,5.208,3.500,1NCA_1
1.109,0.316,1.838,1.110,1NAK_1
2.442,1.912,3.419,3.582,2VL5_1
1.480,0.367,1.664,0.723,4DCQ_1
4.108,2.545,4.761,3.598,1N4X_1
4.434,2.548,8.076,6.341,3G04_1
3.152,1.519,5.495,4.277,3R06_1
1.126,0.173,1.291,0.481,1G7H_1
2.075,0.475,2.872,1.374,2UZI_1
3.686,2.932,3.999,3.631,4TPR_1
4.362,2.884,6.035,5.971,3FN0_1
2.929,2.163,3.968,3.794,5OCK_1
2.174,1.044,2.834,2.114,2AEQ_1
4.292,2.290,9.042,9.330,6APB_1
3.423,2.651,4.045,3.268,6OE4_1
7.636,6.108,12.399,11.983,5UEM_1
1.983,0.646,3.293,2.060,4KI5_1
0.776,0.129,1.012,0.614,1BVK_1
0.965,0.232,1.035,0.527,4OLV_1
3.108,0.654,4.369,1.523,1BM3_1
1.298,0.420,1.474,0.736,6B0G_1
5.473,5.169,7.120,7.813,6MEE_1
6.396,5.047,10.653,10.015,3SKJ_1
4.857,2.658,8.524,8.922,43C9_1
3.191,2.261,3.899,3.242,2Y06_1
2.285,1.045,2.755,1.594,6AYZ_1
3.274,1.309,5.879,4.150,6ANA_1
5.568,3.332,7.009,4.460,4N90_1
1.624,0.759,3.802,3.683,4NPY_1
7.641,5.977,12.437,12.313,5UEL_1
1.110,0.336,1.675,0.882,4OKV_1
1.309,0.224,1.448,0.436,4V1D_2
3.546,1.729,4.110,2.542,4H20_1
2.350,1.723,1.821,1.099,5FEH_1
4.331,2.299,4.654,2.972,1DSF_1
5.157,3.685,5.849,5.186,1TZH_1
1.852,0.892,3.021,2.214,6I04_1
3.892,2.400,5.065,3.997,3VFG_1
1.111,0.238,1.381,0.762,1PSK_1
3.374,0.823,4.595,2.397,2R0L_1
4.829,3.333,5.508,5.226,1ADQ_1
2.307,1.533,2.584,2.055,1XGY_1
4.548,2.913,6.659,5.733,6B3M_1
1.538,0.393,1.911,1.078,3QG6_1
4.319,2.297,4.992,3.214,6I8S_1
4.231,3.502,5.591,5.731,4KUC_1
1.313,1.034,1.379,1.291,4XBG_4
1.997,1.051,2.811,2.266,2AEP_1
1.860,0.953,2.848,1.719,4XH2_3
5.160,2.254,5.517,3.120,1A4K_1
5.085,3.818,8.114,8.362,5DUM_1
4.748,2.882,5.170,3.692,5CWS_1
0.637,0.112,0.763,0.508,4HS6_1
5.939,4.186,9.355,8.881,5Y2K_2
0.735,0.288,1.443,1.014,5TFW_1
3.054,1.586,4FAB_1
2.764,2.057,3.630,3.289,5IGX_1
5.345,2.447,5.866,4.352,5H2B_1
1.496,0.497,2.118,1.055,5VTA_1
3.428,1.813,4.433,3.271,5DFV_1
3.030,1.870,4.143,2.722,5TGB_1
0.855,0.380,0.936,0.577,6BZW_1
0.998,0.333,1.467,0.822,1A7R_1
8.983,7.481,18.223,17.476,6CA9_1
0.742,0.160,0.816,0.345,1NDG_1
5.161,4.319,9.644,8.674,3OAU_1
5.127,4.310,7.057,6.477,4KTD_1
6.499,3.455,8.666,5.231,6MJZ_1
2.659,1.598,2.720,1.821,4QHK_1
4.683,4.010,6.791,6.868,6MEF_1
2.190,0.867,2.960,1.580,4KQ3_1
3.063,1.515,1BBJ_1
5.260,4.101,10.248,8.212,1ZAN_1
0.546,0.045,0.898,0.873,4QT5_1
3.177,1.141,4.330,2.324,3LEX_1
4.669,2.906,5.655,4.290,4ZD3_1
1.656,0.570,2.588,1.784,4QHL_1
4.448,3.686,7.904,6.826,5DMI_1
2.976,0.965,5.676,3.665,1MJ8_1
2.810,2.345,3.412,2.916,3MCK_1
0.825,0.352,1.059,0.645,1A7Q_1
2.205,0.970,2.628,1.808,4FFW_1
6.910,4.041,10.083,7.506,5BJZ_1
4.258,1.788,5.706,3.949,2FBJ_1
3.054,2.119,4.940,4.541,6A0X_1
1.490,0.657,1.726,1.064,4DTG_1
2.980,1.692,3.461,2.831,6C9U_1
4.314,2.345,5.343,3.419,5TL5_1
4.843,2.529,7.189,5.779,5VOB_1
9.252,8.022,17.377,17.160,6QN8_1
4.938,2.321,5.439,3.597,3IY3_1
3.392,2.431,4.338,3.925,1DN0_1
2.710,1.439,3.022,1.921,4LVH_1
2.802,1.826,4.667,3.907,1Z3G_1
1.424,0.797,2.142,2.031,5TBD_1
1.137,0.619,1.251,0.735,5W6D_1
2.343,0.939,2.676,1.475,1NDM_1
1.050,0.204,1.089,0.332,1BJ1_1
5.071,3.032,9.225,8.724,5DD0_1
0.355,0.182,0.442,0.256,3DUR_1
3.666,1.835,5.577,3.925,1Y18_1
2.334,1.367,2.771,2.180,3S34_1
3.820,1.777,5.827,5.342,6H5N_1
3.530,1.680,5.210,3.449,5BVJ_1
3.160,2.761,4.207,4.328,6AZM_1
1.932,0.090,2.535,0.715,5YY5_2
4.805,3.084,7.792,5.855,5OCC_1
3.845,2.024,5.008,2.979,3VI3_1
5.753,3.852,7.003,6.682,5HBT_1
2.365,1.427,2.809,2.032,3GBM_1
3.974,1.816,4.813,2.735,3VE0_1
3.846,2.675,4.271,3.236,4M6O_1
3.991,2.628,6.712,5.078,1NFD_1
4.047,1.261,4.491,2.079,3QUM_1
3.697,2.341,4.146,2.928,5XWD_1
3.603,2.000,4.012,2.350,1JGU_1
2.935,2.085,3.155,2.598,6CJK_1
2.954,2.269,3.191,2.792,4A6Y_1
2.345,1.404,2.367,1.448,1G9M_1
4.348,3.237,5.895,4.991,2YMX_1
1.237,0.297,1.522,0.835,5TQQ_1
1.650,1.815,2.029,2.522,4XCY_4
6.268,3.385,6.842,4.348,3LIZ_1
3.286,2.658,3.962,3.773,4YR6_1
4.164,2.341,4.620,3.329,5XBM_1
1.108,0.504,1.386,1.161,5AWN_1
2.483,0.643,3.884,1.481,6MTO_1
5.047,2.976,6.596,3.919,4X80_1
2.121,1.155,3.161,1.895,4JZO_1
0.808,0.425,1.244,0.848,5U3P_1
4.367,1.968,4.793,3.344,6D2P_1
0.896,0.736,1.049,1.132,4NRY_2
3.431,1.265,3.784,2.256,2UYL_1
4.101,2.247,4.757,2.895,4I77_1
3.993,1.501,4.445,2.829,3IF1_1
5.374,3.002,7.857,5.933,3AAZ_1
1.193,0.378,1.217,0.526,6BFT_1
5.402,2.947,6.025,4.701,4IDJ_1
8.070,6.631,13.522,12.160,4ORG_2
3.202,1.971,4.030,3.308,2H1P_1
7.654,5.608,10.611,8.133,4YDK_1
3.823,2.064,4.140,3.242,2LTQ_2
2.193,0.867,3.307,2.502,1BAF_1
1.286,0.394,2.642,2.314,4TRP_1
4.061,1.762,4.914,2.103,3HR5_1
6.007,3.934,12.167,11.709,3Q6G_1
2.735,2.400,3.327,3.122,4QHK_3
2.729,1.483,7.567,7.965,4YBQ_1
1.180,0.398,1.226,0.559,4ZPT_1
1.645,1.186,2.509,2.344,5I1E_1
2.025,1.409,2.245,1.740,1OAQ_1
0.793,0.323,1.044,0.979,5TQA_1
3.742,1.657,3.922,2.138,4QHU_1
2.343,1.049,2.899,2.408,4LEX_1
2.500,1.763,2.660,2.057,6BPA_1
2.187,0.822,2.499,1.505,5DWU_1
5.879,4.039,8.922,8.869,4OAW_1
6.729,4.633,9.669,7.982,4UT9_1
0.926,0.454,2.709,3.021,4JY6_1
4.317,2.604,9.849,8.278,1DQL_1
5.313,3.299,5.811,4.264,5H35_1
5.143,3.756,6.914,7.028,5W2B_1
3.558,2.421,3.836,2.949,4U1G_1
1.112,0.589,1.249,0.908,4XBG_5
2.330,0.622,2.987,1.356,1KTR_1
4.445,2.440,7.798,6.147,5IIE_2
4.434,3.029,5.067,4.589,3J8V_1
2.306,1.264,2.844,1.982,4Z5R_1
2.996,2.467,3.583,3.102,2BRR_1
2.940,1.935,5.493,4.173,4DVB_1
4.068,2.356,4.740,3.289,3FO2_1
5.432,3.565,8.988,8.040,5ALC_1
4.005,1.862,4.355,2.526,1IQW_1
2.948,2.394,4.684,4.856,5XAJ_2
5.314,2.892,8.692,8.982,1DFB_1
2.021,1.653,3.377,3.209,6DJP_1
1.135,0.506,1.563,1.239,4R26_1
3.597,3.109,4.501,4.579,6CNR_1
5.302,3.929,7.916,8.277,3THM_1
2.370,1.293,3.164,2.049,4NP4_1
2.485,1.242,3.151,2.416,1PLG_1
5.888,2.871,7.282,3.296,4JR9_1
4.723,2.377,5.353,3.645,4HCR_1
2.511,1.018,2.650,1.219,4M1G_1
4.335,2.678,5.559,4.396,3Q3G_1
3.217,1.581,3.375,2.273,6BB4_1
3.926,1.989,4.886,3.673,5MYX_1
2.827,1.852,3.069,2.371,1BZ7_1
1.991,0.424,2.466,0.729,1S3K_1
0.922,0.426,1.208,0.781,2IPT_1
2.343,0.758,2.539,1.397,2Y07_1
2.605,1.861,2.992,2.653,5CP7_1
4.029,2.534,4.474,3.047,4NKM_1
2.425,0.980,3.155,1.879,4CNI_1
1.390,0.591,1.443,0.727,2CJU_1
7.870,6.548,10.691,9.599,4YDJ_1
2.422,1.547,3.061,2.122,4LLU_2
7.023,4.831,13.916,13.569,5WOB_6
3.217,1.995,4.275,4.077,6DWI_1
4.137,2.396,4.433,2.528,5CSZ_1
2.384,1.291,3.990,2.397,5N7W_1
5.589,2.986,9.336,6.783,1IL1_1
4.978,3.147,6.882,5.252,6NN3_1
6.111,4.052,10.656,10.498,4FQJ_1
5.109,4.207,6.416,5.704,6FY1_2
5.710,4.448,7.496,6.755,4N9G_4
1.416,0.745,1.475,0.871,4RZC_3
5.592,3.391,6.631,4.376,6AD0_1
1.456,0.661,1.515,0.794,1CLZ_1
4.741,1.708,7.646,4.041,5IHZ_2
4.979,3.092,5.825,5.239,6DZN_1
4.244,2.272,5.591,3.485,1NMA_1
0.912,0.222,1.016,0.389,3TWC_1
3.455,1.877,3.511,2.143,2AI0_1
0.957,0.337,1.382,0.809,5WDF_1
2.494,1.139,3.374,2.004,4XTR_1
0.965,0.171,1.048,0.333,2OZ4_1
5.719,4.396,7.448,6.560,4N9G_1
3.256,1.811,3.900,2.625,6GV1_1
3.740,3.148,5.971,4.264,6AMM_1
0.771,0.352,0.858,0.629,1YEE_1
3.063,1.888,3.871,2.524,4NRX_1
3.203,1.711,4.879,3.806,4J1U_3
4.925,2.762,10.197,10.517,5B71_1
1.260,0.889,1.574,1.417,1GGI_1
2.684,2.094,3.172,2.929,6O3A_1
3.848,2.100,4.043,2.153,4R96_1
4.808,2.655,7.497,6.092,5MYO_1
5.115,2.886,6.285,4.462,5KEM_2
2.368,1.364,3.366,2.451,3U9U_1
2.106,1.539,3.804,3.321,4M8Q_2
1.633,1.061,1.919,1.614,6H3H_1
3.722,2.449,4.735,4.563,3FZU_1
1.847,0.440,2.183,1.017,4RAV_1
4.660,3.060,5.817,4.512,3TNM_2
2.910,2.027,4.062,3.633,4NKI_1
3.663,1.602,4.347,2.163,4F33_1
6.394,3.698,7.348,5.950,4PLJ_1
2.347,1.549,3.058,2.198,4LLY_1
5.397,3.924,7.770,7.114,5USL_2
4.670,3.448,5.908,5.340,1IBG_1
2.100,1.589,3.582,2.729,3G5V_1
5.035,4.342,7.369,6.986,2FB4_1
3.295,2.173,3.761,2.988,4RGN_2
2.313,0.926,3.334,2.515,5G64_1
6.069,3.407,6.388,5.417,6CNJ_1
3.251,1.941,4.647,2.976,3Q6G_2
2.310,1.103,4.135,2.988,5I66_1
1.493,0.772,1.643,1.074,4R7D_1
0.770,0.139,0.799,0.191,1KIQ_1
4.457,3.787,6.407,6.334,4MWF_1
1.310,0.993,2.911,2.602,5X5X_1
5.347,3.317,7.439,5.989,5TUD_1
5.890,4.389,12.526,12.282,2YK1_1
2.712,1.561,3.164,2.313,5NBW_1
1.459,0.662,2.618,2.262,6AXK_1
1.356,0.417,1.448,0.548,3TCL_1
4.542,2.504,5.899,5.050,5DO2_1
0.511,0.200,0.804,0.677,4G6A_1
3.479,1.395,4.609,2.845,5W05_1
2.611,1.857,2.869,2.831,1XGP_1
2.796,1.354,4.001,2.742,5ANM_1
2.986,1.710,4.146,3.643,5GZO_1
1.855,0.690,2.678,2.060,6AQ7_1
2.831,2.007,3.885,3.676,2ARJ_1
4.344,2.514,7.299,5.338,5JQ6_1
3.806,2.324,5.318,3.161,3QPX_1
5.358,3.003,6.199,3.985,2FJF_1
6.564,4.188,10.714,8.918,5CGY_1
3.008,1.248,3.702,2.600,3ULS_1
3.886,2.129,5.663,4.257,3EYF_1
2.661,0.891,3.844,2.625,5G64_2
2.516,1.311,2.848,1.735,1QKZ_1
5.129,2.446,6.537,4.951,1OCW_1
4.042,2.558,6.658,5.635,5TJD_1
2.517,2.118,3.523,3.742,5EA0_1
2.726,1.578,3.085,1.905,5JO5_1
1.242,0.397,1.389,0.945,1MLB_1
2.094,0.923,3.145,2.732,4WEB_1
4.635,3.560,6.607,6.261,6BP2_1
2.407,2.407,4.987,4.999,5GZR_1
2.254,1.153,2.818,1.739,5WHJ_1
3.930,2.154,4.959,3.468,6GFF_1
2.798,2.051,9.030,7.935,4ODX_1
3.499,2.541,4.108,3.563,3UTZ_2
4.206,2.655,5.323,4.069,4LSP_1
2.532,1.746,3.441,3.280,5UTZ_1
5.266,2.435,6.452,3.786,1RJL_1
1.694,0.051,3.301,2.518,2Q8A_1
3.497,2.022,3.729,2.283,5USH_1
3.076,1.726,5.320,3.533,3ZKM_1
3.191,1.910,3.722,2.284,3N85_1
1.842,1.012,3.696,2.736,5IBT_1
0.737,0.297,0.897,0.608,3HC3_1
0.899,0.394,1.128,0.730,5W6G_1
2.847,1.613,4.401,2.880,3G5X_1
1.563,0.828,1.783,1.079,5IBL_1
4.162,1.683,4.566,1.959,2R29_1
3.314,2.303,4.966,4.968,3W2D_1
6.555,4.408,9.667,8.936,5USL_1
4.413,2.848,7.073,6.619,6I9I_1
5.297,4.048,8.872,7.588,2ADG_1
3.767,2.424,4.023,2.914,5JUE_1
1.633,0.494,1.951,0.796,4QHM_1
0.655,0.357,0.841,0.659,4EDW_1
6.189,4.138,12.834,10.940,5BZW_1
3.096,3.096,5.927,5.925,1R70_1
6.309,4.326,10.093,8.443,3GRW_1
0.993,0.488,1.184,0.655,5CIL_1
3.756,2.249,4.169,2.700,1HEZ_1
2.114,0.906,2.334,1.325,4J6R_1
0.881,0.381,1.080,0.665,3HC4_1
1.864,0.523,1.989,1.126,4BH7_1
5.027,3.214,6.153,5.283,5GZN_1
1.799,0.713,2.183,1.421,1L7T_1
4.572,2.953,5.531,4.599,6R8X_1
3.391,1.698,5.397,4.492,2EH7_1
5.187,3.202,7.605,6.543,4OGY_1
2.304,1.267,2.825,2.144,2JIX_1
4.571,2.811,6.905,6.124,4ZS6_1
3.023,1.355,7.095,6.379,3GHE_1
4.310,2.771,5.949,5.205,5JOF_1
4.560,3.127,6.563,4.871,5GS1_1
2.461,1.624,3.113,2.217,4LLU_1
0.659,0.282,0.922,0.648,1YEC_1
4.439,2.873,6.033,4.672,3EYO_2
1.830,0.982,3.046,2.175,5WCC_1
1.967,1.561,2.279,1.941,2HFF_1
3.809,2.500,4.119,3.426,3NCY_1
1.767,0.996,2.023,1.649,1EGJ_1
2.687,2.233,2.788,3.227,5AZ2_1
2.891,1.340,5.512,3.986,5VKK_1
3.776,2.593,4.151,3.399,4RRP_1
3.676,1.971,4.486,2.743,4LEO_1
2.158,0.448,2.335,1.140,1A6T_1
4.758,3.691,5.636,5.659,3V6F_1
3.444,2.222,4.094,3.384,5Y11_1
2.432,1.596,2.663,2.232,6ORQ_1
1.275,0.382,1.383,0.642,4YDI_1
1.040,0.376,1.254,0.965,6BPE_1
4.897,2.899,7.326,5.788,4Q2Z_1
4.126,1.583,4.403,1.966,2Z4Q_1
3.275,1.718,4.028,3.516,5NUZ_1
3.301,1.620,4.540,3.596,4LKX_1
4.652,2.059,5.327,2.659,6ELE_2
2.850,1.301,3.493,2.286,1AFV_1
2.226,0.989,2.968,1.794,2V7H_1
3.620,2.097,3.811,2.697,5W1K_1
4.396,2.693,6.240,4.377,4AEI_1
4.270,2.030,6.007,3.946,1UWE_1
1.468,0.621,1.643,0.927,5TKJ_1
3.432,2.605,5.591,5.204,4HJ0_1
3.813,2.425,4.276,3.075,1OB1_1
3.921,3.728,6.259,5.457,1RZF_1
3.079,1.580,4.178,2.923,4ODV_1
4.479,3.412,7.783,7.564,4NZU_1
1.942,0.266,2.233,0.418,4QF1_1
3.586,2.357,3.927,2.614,6FLC_1
2.948,0.964,3.358,1.602,2NR6_1
4.204,2.706,4.513,3.166,1FGV_1
1.445,0.329,1.766,1.556,2Y6S_1
3.324,1.557,4.235,2.834,3NH7_1
5.814,5.013,10.380,9.459,4OCR_1
1.003,0.359,1.297,0.851,4EVN_1
5.144,2.903,7.404,5.095,5L0Q_1
7.904,6.733,12.926,12.841,5UWE_1
1.728,0.926,1.788,1.092,4JHA_1
5.589,5.109,7.863,7.989,6BKD_1
3.714,2.042,6.778,5.278,5V7U_1
2.269,1.975,2.791,2.819,5ANM_2
1.606,0.242,1.994,1.162,4ODS_1
3.422,1.297,3.683,1.696,5K59_1
1.831,0.546,1.931,0.981,5TFS_1
1.679,1.121,2.300,1.863,5XCQ_1
1.668,1.101,2.306,1.910,5XCT_1
5.477,3.586,6.625,6.236,5O4G_1
2.957,1.137,3.701,1.392,1MEX_1
2.140,0.540,2.783,0.872,1IND_1
0.956,0.216,1.021,0.366,3TV3_1
2.669,1.080,3.490,1.996,1YNL_1
5.168,2.693,5.655,3.022,4U6H_1
1.888,1.522,3.145,3.261,2E27_1
2.962,1.953,3.350,2.295,1KEL_1
5.092,2.728,6.738,5.446,5B4M_1
3.836,3.540,4.652,4.543,2PR4_1
1.978,0.881,2.406,1.467,5W0K_1
5.829,4.224,7.913,6.781,4OSU_1
3.942,2.156,6.078,5.312,4U6V_1
5.495,3.410,17.966,16.847,4UV4_1
3.038,1.207,3.968,2.110,3E8U_1
3.271,2.523,4.336,4.395,4MHH_1
5.074,3.251,6.636,5.773,5MHS_1
0.533,0.237,0.630,0.641,5F9O_1
0.570,0.231,0.885,0.724,5IQ9_1
4.048,1.525,4.180,1.714,5FHB_1
1.856,0.796,2.838,2.211,4FQQ_1
2.689,2.753,4.057,3.648,3TT3_1
2.834,1.588,2.874,1.661,1QGC_1
0.915,0.358,1.023,0.511,5CEY_2
2.923,1.640,3.555,2.281,3OPZ_2
0.834,0.317,0.959,0.408,3HC0_1
4.568,2.698,8.499,7.869,4ZFO_1
1.088,0.267,1.282,0.666,2IPU_1
2.738,1.201,3.856,2.965,2GCY_1
2.896,1.407,3.798,3.077,2NYY_1
3.385,1.508,4.709,2.645,6J5D_1
4.666,3.170,6.593,5.615,2GSI_3
1.385,0.362,1.565,0.823,3L5W_1
3.517,1.513,4.169,2.470,1JNL_1
5.127,3.705,4XNZ_1
4.396,2.385,6.247,4.964,5KVD_1
3.700,1.870,3.935,2.668,1LK3_1
4.089,2.083,5.540,3.230,3CFD_1
0.845,0.196,0.895,0.231,3NAC_1
4.831,2.570,4.983,3.018,4YUE_1
2.555,2.067,3.359,3.154,6BFS_1
3.476,2.408,4.507,4.280,4YPG_1
4.423,1.531,4.623,1.690,1AD0_1
4.631,3.409,8.809,8.063,6BLA_1
3.845,2.104,5.850,4.157,3MA9_1
6.869,5.230,11.584,10.308,5U3J_1
1.416,0.042,1.976,1.429,5JOP_1
5.404,3.399,6.869,5.516,6DZL_1
4.397,2.374,6.149,3.875,1NMC_1
3.151,2.813,3.877,3.959,5BK3_1
4.423,3.318,5.594,5.128,2QHR_1
4.299,2.804,6.587,5.873,5OD8_1
4.025,2.800,6.605,3.811,5IHZ_4
4.132,2.571,7.013,4.488,5OPY_1
3.315,1.778,4.175,2.612,1EMT_1
2.734,2.591,4.716,4.536,3QNZ_1
3.401,2.088,4.155,2.952,5FGB_1
5.664,2.433,5.927,3.197,5LSP_1
2.373,1.732,3.431,2.993,3I50_1
4.137,3.123,5.941,6.095,6DEZ_1
3.543,2.113,5.937,5.401,3U0T_1
5.854,4.556,10.956,9.370,3BN9_1
2.367,1.225,2.645,1.451,3U30_1
4.102,1.684,4.165,1.879,4JLR_1
1.337,0.626,1.843,1.109,4UOM_1
3.292,1.419,3.946,2.800,4YHL_1
1.308,0.838,1.594,1.223,4YHZ_1
1.717,0.786,3.850,3.160,5WTT_1
2.136,1.494,3.050,2.477,3SQO_1
5.118,2.234,7.915,4.729,1EO8_1
5.121,4.153,7.326,6.276,3QEG_1
3.722,2.272,4.651,4.113,4D9Q_1
5.153,2.797,6.436,3.818,4PY7_1
3.807,2.339,4.776,3.784,3QRG_1
6.559,4.657,7.308,6.244,6BF4_1
3.399,2.246,4.700,3.429,5I1G_1
1.236,0.483,1.420,1.091,5U3N_1
5.830,4.547,9.877,10.053,6C6Z_1
7.656,6.279,12.624,11.255,4ORG_1
0.554,0.204,0.737,0.564,5XCS_1
1.238,0.388,1.311,0.611,2DQG_1
4.077,3.021,6.339,5.970,4XCY_6
3.808,1.700,3.956,2.758,6MH2_2
4.835,3.063,7.918,7.646,6APD_1
0.544,0.154,0.906,0.589,4G6A_2
4.367,3.011,8.582,8.092,5JW5_2
5.527,4.845,7.551,7.420,5C0N_1
2.980,1.701,3.380,2.054,2HFF_2
3.636,1.908,3.820,2.592,3FFD_1
3.200,1.126,3.815,1.603,1UB5_1
3.677,1.907,5.444,4.869,4OD2_1
5.035,3.301,6.317,4.407,2VXV_1
2.334,1.486,2.802,2.385,5TF1_1
2.701,1.534,2.978,2.071,6GFE_1
4.037,1.877,4.942,3.861,6B0H_1
0.387,0.126,0.465,0.339,1A2Y_1
3.047,1.483,3.293,2.053,4A6Y_2
2.426,0.824,1T66_1
2.477,1.046,3.273,2.077,4KTE_1
2.627,1.322,3.082,1.866,6A4K_1
4.686,3.032,5.090,4.562,2V17_1
4.565,2.456,5.317,4.686,5KVE_1
3.968,2.470,5.039,3.284,1W72_1
1.349,0.340,1.382,0.514,3A6B_1
4.056,2.117,5.085,3.502,5OB5_1
3.967,2.691,4.629,3.261,2AAB_1
2.484,1.459,3.791,2.436,3G5Z_1
4.662,2.042,6.020,4.967,2BDN_1
2.828,2.397,3.602,3.287,5V6L_1
3.361,2.132,3.658,2.613,3CLE_1
6.221,4.077,6.811,5.119,6MID_1
1.710,1.091,2.882,2.168,5WCA_1
1.492,0.041,2.444,1.260,4WHY_4
1.764,0.978,3.417,2.474,5EOQ_1
4.875,2.074,5.751,4.688,3OJD_1
4.782,2.874,5.419,4.071,5VOD_1
4.360,2.718,6.116,4.636,5WEQ_1
4.889,2.954,6.088,3.920,6CYF_1
4.739,3.084,5.618,4.078,5I5K_1
1.079,0.411,1.424,1.204,5CCK_1
3.035,2.423,5.240,4.031,3KJ4_2
1.738,0.337,1.888,1.072,5GIR_1
4.941,2.976,7.101,5.819,5T5F_1
2.187,0.750,2.437,1.168,5TH9_1
4.050,2.519,4.960,3.523,4NKD_1
3.598,1.784,5.298,3.742,4PB9_1
4.547,3.802,5.525,5.126,4GLR_1
2.031,1.040,2.772,1.788,1RZI_2
4.164,2.110,4.555,3.081,1A5F_1
1.322,0.251,2.618,2.297,5F9W_1
7.683,6.472,13.707,12.785,4IML_1
3.315,1.470,4.189,2.171,1MFA_1
2.952,1.662,4.492,2.682,5FB8_1
2.669,1.614,4.340,3.746,3EO9_1
2.781,0.428,3.882,0.791,5KQV_1
2.987,2.949,4.174,4.151,6NOV_1
0.874,0.219,0.886,0.276,3NAA_1
2.637,2.034,8.445,7.577,4LLV_2
4.044,3.761,9.326,9.850,6D11_1
1.798,0.540,2.532,1.755,6R2S_1
4.541,3.110,10.242,8.775,2JB5_1
6.163,4.088,10.354,9.348,4NUJ_1
1.562,0.770,3.318,2.112,4LCI_1
4.198,3.074,4.539,3.777,3QPQ_1
3.111,0.984,3.890,1.540,4RAU_1
4.340,3.012,5.787,5.390,6BLI_1
3.114,1.829,3.676,2.096,4KVC_1
1.075,0.330,1.196,0.544,5F6H_1
2.481,1.302,2.641,1.641,5MU0_1
7.942,6.081,11.557,10.408,4NPY_2
7.369,6.045,10.703,9.635,4OD3_1
6.728,4.566,9.219,7.742,3INU_1
2.606,1.397,4.476,3.224,4XCE_1
7.386,5.720,11.040,10.520,5ALB_1
3.879,2.102,4.818,3.450,1CL7_1
7.436,5.151,8.516,6.761,5W08_1
4.400,2.460,4.946,3.594,6BZY_1
4.122,2.072,7.042,4.978,5DR5_1
4.952,2.021,6.495,3.768,3IY4_1
4.443,2.280,6.108,4.452,4F37_1
2.696,2.095,4.337,3.996,5ZV3_1
1.431,0.652,1.692,1.256,5D8J_1
3.082,1.530,4.303,2.629,5F7E_1
3.410,1.809,6.210,4.344,5DYO_1
0.916,0.410,0.990,0.590,5BK5_4
4.044,2.553,7.231,7.062,5KW9_1
1.051,0.202,1.115,0.412,4OLW_1
4.085,1.847,7.766,5.523,6AOD_1
5.828,3.441,7.027,5.475,5BK2_1
3.856,2.168,6.298,4.515,3MAC_1
0.751,0.326,0.892,0.590,4HPO_1
2.807,1.872,3.006,2.699,5HDQ_1
3.916,2.518,4.369,3.015,4X0K_1
3.300,1.577,3.904,2.748,4K3D_1
0.892,0.372,1.166,0.806,5W6C_1
3.357,2.143,3.996,2.982,1RMF_1
2.299,0.759,2.655,1.202,1AY1_1
0.702,0.123,0.788,0.275,4GAG_1
3.780,2.588,4.237,3.431,5UEA_1
4.827,3.265,7.037,5.233,4UAO_1
0.743,0.449,1.399,1.026,6FAB_1
5.321,2.484,7.668,5.018,4F2M_1
5.728,3.750,7.866,6.155,5GGT_1
1.294,0.592,1.767,1.234,4XMP_1
1.332,0.315,1.408,0.530,2DQE_1
6.824,4.189,10.460,8.860,4NRX_2
4.087,2.120,4.534,2.529,4R4N_1
0.842,0.403,0.926,0.631,5BK5_3
5.676,2.570,6.132,3.422,4G7V_1
3.209,1.053,3.817,1.640,1FL3_1
1.153,0.398,1.241,0.697,1IC4_1
2.009,0.035,3.861,0.928,1I3G_1
3.553,1.374,3.750,1.827,6EMJ_2
0.939,0.248,1.483,1.111,5F96_1
2.744,0.731,3.583,2.314,5YUP_1
3.181,1.930,3.735,2.594,5WTG_1
3.500,3.050,6.038,4.743,5I8K_1
2.587,1.617,3.401,2.818,4JPI_2
4.891,2.946,5.876,3.990,4K7P_2
4.506,2.712,7.595,7.328,3J8Z_1
7.656,4.874,10.250,8.950,5C8J_1
3.677,2.005,4.395,3.021,1KFA_1
3.939,2.072,6.831,5.993,5KEN_3
5.373,4.297,9.011,8.185,6NZ7_1
1.642,1.409,1.818,1.786,6IAP_1
0.812,0.090,0.888,0.153,1KIR_1
1.876,1.180,3.482,2.573,1IGT_1
0.846,0.276,0.942,0.399,1K6Q_1
2.030,0.698,2.197,1.258,1OAX_4
3.130,2.277,4.961,4.389,6DKJ_1
4.372,2.007,5.973,3.514,2PCP_1
1.112,0.145,1.144,0.253,1G7M_1
4.117,3.401,8.856,7.643,6EAY_1
3.137,2.151,3.793,3.161,5TZU_1
1.046,0.415,1.971,1.718,4FQ2_1
5.228,4.592,6.699,6.362,6D0X_1
4.350,2.303,5.791,3.526,4M7K_1
0.836,0.366,1.033,0.605,6B0E_1
2.759,1.303,3.247,2.267,4P59_1
1.675,1.273,3.889,3.733,3U9P_1
2.730,1.491,3.316,1.802,5JO5_2
6.181,2.972,7.313,5.262,4M7J_1
2.194,1.541,2.596,1.807,3LHP_1
1.117,0.133,1.241,0.317,1G7I_1
4.385,2.436,6.227,3.972,1A14_1
2.657,1.803,4.459,3.249,5CZV_1
3.816,2.350,5.320,3.627,1NCB_1
3.653,2.989,4.249,4.384,1A0Q_1
4.913,3.078,7.800,6.503,6DEZ_2
2.124,0.694,2.359,1.371,6B9J_2
5.881,4.372,8.289,7.138,4ERS_1
2.747,2.136,3.717,3.600,5V7R_1
4.100,2.205,4.313,3.015,3QHZ_1
5.978,4.672,7.075,5.892,5M63_1
4.586,3.704,6.453,6.174,4QWW_1
2.942,1.726,3.105,2.337,2XKN_1
7.942,6.578,13.391,12.063,3MME_1
2.163,1.689,2.445,2.134,4RNR_1
2.053,0.554,2.750,0.915,2VH5_1
2.338,1.503,4.234,4.068,3WSQ_1
4.548,3.024,5.117,3.840,2XQB_1
1.280,0.906,1.383,1.078,4JJ5_1
3.779,1.939,4.597,3.624,4JDV_1
4.512,1.351,4.927,1.636,3DIF_1
2.066,1.050,2.498,1.864,5I30_1
2.590,2.193,3.514,3.244,5FHA_1
4.042,2.150,6.056,4.831,2G2R_1
0.899,0.343,1.968,1.543,4UT7_1
2.064,0.740,4.129,2.877,2W9D_1
4.912,2.744,8.996,6.651,1EAP_1
3.569,2.174,6.663,5.522,6IEC_1
1.824,1.025,1.944,1.141,4LRI_2
2.448,1.207,3.058,2.562,3F12_2
2.824,0.468,3.829,1.037,4OTX_1
3.679,2.568,5.223,3.900,4OB5_1
3.430,1.436,4LIQ_1
2.531,1.131,2.626,1.555,4XVJ_1
3.423,2.431,3.843,3.567,5E8D_1
2.489,1.742,3.188,2.393,4LLW_1
6.004,4.315,8.956,8.399,6ORP_1
2.791,1.879,2.989,3.027,1XGT_1
4.128,2.590,5.769,4.602,3CMO_1
3.896,3.061,4.470,3.750,3RAJ_1
2.570,1.897,2.851,2.928,1XGU_1
2.773,0.759,3.412,1.294,5UMI_1
5.298,3.180,7.045,5.636,6GLW_1
1.004,0.519,1.520,1.018,5U3O_1
5.016,2.958,5.282,3.235,2ZCH_1
3.514,2.382,4.741,3.839,3B9K_1
4.215,2.151,6.092,4.324,4G80_1
5.351,3.477,6.936,5.071,4LSU_1
3.802,2.369,4.676,3.685,3O41_1
5.368,2.457,6.767,5.248,1D5B_1
2.978,2.628,3.725,3.450,1MHP_1
1.343,0.515,1.473,0.828,5ESZ_2
1.627,0.657,3.559,2.337,4ONF_1
6.529,3.586,8.095,5.897,2QQK_1
5.966,5.522,10.451,9.699,1RHH_1
3.774,1.974,5.566,3.652,6N4Q_1
2.961,1.102,3.484,1.901,5I15_1
2.980,1.848,3.381,2.727,4JZJ_1
5.632,2.575,8.968,7.161,5KVF_1
3.428,1.450,4.682,2.448,4K9E_1
5.604,4.527,8.585,7.638,4LF3_1
4.257,3.800,6.046,6.007,5W23_1
2.747,1.338,2.943,2.247,1SM3_1
3.205,1.430,3.893,2.880,5N4G_1
1.428,0.495,1.699,1.113,1P4I_1
2.950,1.379,3.583,1.782,3V6O_1
4.474,3.568,9.524,8.007,4LLV_3
1.329,0.322,1.398,0.504,1J1X_1
1.141,0.532,1.397,1.204,3WLW_1
2.008,1.220,2.331,1.817,4QXG_1
3.395,1.839,4.424,2.740,2I9L_1
2.241,0.709,2.317,1.073,4HXA_1
4.835,3.632,6.603,5.628,6DB6_1
3.332,2.540,4.336,3.645,6N5B_1
4.942,4.753,8.704,10.139,6MED_1
6.559,4.300,10.685,9.210,4WV1_1
5.085,4.260,9.662,9.577,4YFL_1
5.670,3.057,10.044,8.925,3WKM_1
5.577,3.202,6.929,4.605,2A77_1
4.035,2.889,5.150,4.493,1IGM_1
5.588,3.909,8.175,8.165,3TJE_1
1.290,0.241,1.327,0.358,4PS4_1
1.619,0.901,1.929,1.498,5LDN_1
3.959,2.228,4.252,2.936,4HQQ_1
3.625,2.277,4.200,3.357,4HC1_1
4.132,2.674,7.472,5.567,4NM4_1
1.529,0.456,1.791,0.753,3S96_1
3.977,2.369,5.125,3.704,1MNU_1
3.487,1.114,5.338,2.424,1FH5_1
5.844,4.215,10.751,8.787,5DRW_1
3.951,2.795,5.198,4.234,5MHR_1
4.693,3.150,6.613,5.138,5JO4_1
0.699,0.294,0.917,0.863,5IQ7_1
4.997,2.751,5.669,3.768,1U6A_1
6.569,5.729,12.197,11.744,6QN9_1
3.614,1.691,3.926,2.156,4N8C_1
2.283,1.086,4.261,3.305,5BV7_1
1.786,1.055,2.458,2.001,2ZPK_1
5.104,2.903,5.840,3.978,5ODB_1
2.516,1.288,3.604,2.571,3U9P_2
6.746,4.867,10.323,8.650,3P30_1
1.825,0.870,4.317,3.255,5IBU_1
4.196,2.543,5.189,3.942,3LZF_1
1.099,0.221,1.204,0.556,4OLX_1
2.327,1.404,3.566,2.771,5VEB_1
2.963,1.782,3.421,2.497,5IFA_1
3.831,2.000,4.953,3.823,5GGQ_1
4.433,2.255,5.987,3.864,1CR9_1
1.065,0.290,1.286,0.708,2R0Z_1
4.454,2.146,5.940,4.250,6DDR_1
4.131,2.445,5.057,3.475,3FO1_1
1.064,0.312,1.315,0.655,1A7O_1
3.385,2.195,3.990,3.150,4M61_1
4.063,2.057,4.865,4.104,6O3B_1
3.429,2.675,4.192,5.100,1MCP_1
5.551,3.816,6.549,4.786,5W24_1
1.777,0.436,1.963,0.972,1JFQ_1
2.663,1.043,3.450,1.987,5WCD_1
1.831,0.689,2.369,1.488,1T2Q_1
2.292,1.411,2.670,2.304,6MTS_1
5.932,4.690,11.514,10.218,3IDX_1
5.125,3.051,6.414,4.179,4YBL_1
5.735,2.763,9.126,7.632,1DVF_1
3.087,2.196,3.827,3.210,5Y2K_3
1.204,0.386,2.131,1.960,5D9Q_1
5.253,3.160,6.373,4.955,4FZE_1
3.852,2.466,7.624,7.067,4O9H_1
4.873,3.738,5.630,4.834,1ETZ_1
1.410,0.952,2.278,2.137,4AMK_1
1.339,0.733,1.457,0.978,4R7N_1
2.269,1.246,2.885,2.011,5F3B_1
3.827,1.426,3.901,1.577,2JEL_1
2.878,1.879,4.421,2.759,5XQW_1
3.708,1.589,6.333,5.752,2J88_1
2.639,1.885,3.253,2.329,1FL5_1
3.932,2.119,4.701,3.434,5CHN_1
1.021,0.781,1.783,1.766,6CSE_1
5.926,3.991,7.434,5.987,2XRA_1
7.309,5.063,12.178,10.450,4NWT_1
3.751,2.841,4.950,4.230,5I1I_1
7.648,5.952,8.999,8.453,3CSY_1
2.813,1.385,3.358,1.882,5JHL_1
2.532,2.092,2.761,2.477,5UOE_1
4.434,1.846,6.465,5.094,5TLK_1
3.492,1.853,4.953,4.001,6EWB_1
4.752,3.645,5.541,5.179,3KR3_1
3.654,2.283,6.487,5.503,1IGY_1
7.060,4.870,14.292,13.391,5WOB_8
2.409,1.130,2.669,1.416,4O02_1
6.294,4.447,8.102,6.468,5EU7_1
1.652,0.047,3.148,2.305,2Q8B_1
3.345,1.989,4.059,3.076,4HT1_1
6.523,4.455,13.896,12.931,6AO0_1
1.173,0.611,2.122,2.264,5CEX_1
5.201,3.364,5.799,3.826,1OPG_1
6.100,4.692,7.964,6.730,2J6E_1
1.572,0.452,2.148,1.149,5VYF_1
1.036,0.228,1.352,0.830,5UKN_1
1.802,1.151,2.239,1.846,3IJH_1
4.019,2.868,6.468,4.554,5X8M_1
3.791,2.949,4.959,5.260,4U0R_1
5.193,4.023,6.234,5.167,3RA7_1
2.615,1.674,3.095,2.375,6DF0_1
2.101,0.480,2.140,0.768,1MIM_1
0.493,0.087,1.058,0.934,4XXD_1
1.740,0.204,2.302,0.815,1FVE_1
4.539,2.265,5.905,4.713,1QFW_1
0.774,0.472,0.889,0.704,4FNL_1
5.861,3.788,8.420,5.370,4FQY_1
2.223,1.192,2.768,1.718,5MVZ_1
1.435,0.851,3.720,3.374,4LU5_1
1.719,1.075,2.457,1.953,5XCR_1
5.397,3.853,9.164,7.200,4I18_1
1.561,0.269,1.710,0.675,6GC2_1
4.469,2.781,5.320,4.239,2CMR_1
2.087,0.724,2.378,1.351,6B9J_1
6.801,4.341,8.334,6.665,3EFF_1
2.998,2.582,3.918,3.644,2B2X_1
2.869,1.810,3.271,2.962,5IES_1
3.673,2.540,4.612,4.218,3UTZ_1
4.460,2.425,6.222,4.028,1NMB_1
6.259,2.834,10.166,7.343,4UU9_1
2.768,2.058,5.717,4.737,3NTC_1
3.669,2.029,4.440,3.380,4WCY_1
4.028,2.293,4.514,3.031,6BGT_1
1.865,0.951,2.007,1.065,4LRI_1
1.815,0.297,2.003,0.875,5TPP_1
1.884,0.841,2.118,0.926,5XCV_1
1.308,0.959,1.560,1.268,3U2S_1
3.354,1.091,3.896,1.602,3CFB_1
3.723,2.581,5.947,4.495,4LMQ_1
2.622,1.330,3.170,2.586,3F12_1
4.460,2.892,5.489,4.711,6ID4_1
1.579,1.375,2.025,2.124,5CIN_1
2.484,1.738,3.763,3.560,3OZ9_1
1.585,0.486,2.698,2.132,4AEH_1
1.081,0.194,2.026,1.231,2R4R_1
2.453,1.766,3.790,2.950,4CMH_1
2.496,1.037,4.053,2.778,5W4L_2
0.586,0.192,0.742,0.640,5XCU_1
2.006,0.370,2.369,0.684,4JAM_1
6.755,5.533,11.083,10.616,5TY6_1
5.941,3.908,6.896,5.796,5ZS0_1
3.114,1.127,4.363,2.381,3LEY_1
1.366,0.366,1.786,0.840,2O5X_1
2.048,1.045,2.683,1.632,4KMT_1
5.717,4.237,7.536,6.589,6DB7_1
3.279,2.158,3.608,2.639,1BFO_1
1.850,0.845,2.158,1.346,5NYX_1
4.479,2.421,4.641,2.650,1EJO_1
2.048,0.882,2.723,1.685,2AGJ_1
4.024,1.611,4.441,1.925,4JQI_1
7.330,5.513,10.684,10.200,5UIX_1
2.636,1.554,3.424,2.033,6MH2_1
2.349,1.429,3.129,2.449,3FMG_1
2.053,0.649,2.551,1.523,1GPO_1
0.919,0.255,1.138,0.662,5UKQ_1
5.155,2.197,6.245,4.048,1UWX_1
3.676,1.570,4.513,2.870,5CUS_1
6.349,5.227,7.551,7.191,5DUP_1
2.515,1.372,3.787,3.683,2ORB_1
2.124,1.053,2.704,1.915,4MXV_1
2.585,2.093,2.823,2.544,6B70_1
3.490,2.316,5.486,5.083,4FQL_1
3.282,1.570,4.053,2.779,5I1H_1
4.055,2.366,9.810,8.618,1F58_1
3.489,1.992,5.039,3.868,4UOK_1
4.256,2.567,5.237,4.646,5TRP_1
4.326,3.491,4.764,4.491,6GK7_1
3.705,2.903,4.528,3.619,6BQB_1
2.625,1.504,7.572,7.117,4M62_1
4.665,2.935,5.529,3.866,4QNP_1
4.999,3.331,5.372,4.286,5EOC_2
0.622,0.149,0.906,0.882,6F7T_1
2.357,1.625,3.875,3.154,6D01_1
0.667,0.276,1.407,1.032,5T29_1
2.648,1.967,2.964,3.231,1NLD_1
4.534,2.460,5.059,2.922,6ANI_1
0.953,0.305,1.258,0.717,1A7P_1
2.857,1.871,3.692,3.533,6IEB_1
1.542,0.255,1.807,0.707,4TSA_1
1.466,0.578,1.992,1.729,5NGV_1
1.798,0.525,2.937,2.475,5IKC_1
5.263,3.128,7.367,4.799,6JMR_2
3.592,2.552,4.840,4.527,4MHJ_2
3.050,2.146,3.209,2.722,2W60_1
3.740,2.805,5.484,4.843,6CEZ_1
5.655,3.418,8.128,7.030,6CW2_1
4.604,3.064,10.868,9.311,1KNO_1
5.512,4.202,7.897,7.632,4OT1_1
1.322,0.313,1.392,0.570,2Q76_1
4.454,1.982,6.525,4.260,1UWG_1
1.059,0.416,1.208,0.557,6BZV_1
1.735,0.905,2.430,1.575,5D72_1
0.727,0.220,1.047,0.752,6DLA_1
4.344,1.953,6.131,4.019,6GHG_1
3.597,1.758,3.811,2.233,4LVH_3
5.383,2.844,7.114,4.750,5O4O_1
4.003,2.697,7.281,6.527,5GJT_1
4.082,2.753,4.484,3.959,3BKY_1
3.710,2.771,6.569,6.627,6BTJ_1
1.645,0.659,2.272,1.715,3C5S_2
3.642,2.163,3.964,2.951,5AUM_1
5.284,4.271,5.878,5.171,6II4_1
4.696,1.749,5.191,2.149,4HBC_1
2.132,1.443,2.678,2.153,5D96_1
4.749,2.536,6.342,3.710,1OSP_1
2.333,1.599,3.678,2.492,4AL8_1
3.397,2.211,3.687,3.181,2HKF_1
2.923,1.474,4.022,2.975,1PKQ_1
4.424,3.987,8.418,8.120,3D0L_1
3.616,1.569,4.435,3.077,4FFZ_1
3.041,0.973,5.466,3.601,1MH5_1
3.948,1.805,4.480,2.253,1IT9_1
3.198,1.766,3.843,2.057,1IGC_1
4.723,2.603,5.161,2.884,1ZTX_1
3.236,2.021,3.593,2.295,6O39_1
2.734,1.559,3.871,2.771,5FEC_1
6.132,4.397,8.349,7.452,4R8W_1
1.146,0.113,1.184,0.167,1G7J_1
3.300,2.659,5.859,5.286,4V1D_1
1.121,0.129,1.224,0.383,5VJO_1
0.838,0.199,1.199,0.567,1CIC_1
7.107,5.093,4NWU_1
1.147,0.477,1.479,1.036,5BK5_1
2.675,1.454,2.942,1.827,4JAM_2
3.527,1.663,3.823,1.904,6EYN_1
2.242,1.409,2.616,1.626,5U15_1
3.514,2.069,4.170,3.571,6DDM_1
1.786,0.369,2.115,0.585,3MBX_1
1.241,0.364,1.518,0.865,1C1E_1
2.657,1.932,3.262,2.940,3HZY_1
2.724,0.159,4.706,1.468,3MNW_1
3.342,1.863,4.444,2.658,4R97_1
2.708,1.697,3.631,2.854,6FGB_1
7.195,5.093,14.443,13.411,4M1C_1
5.248,3.961,7.816,6.762,3SOB_1
4.279,2.351,4.904,3.062,1FPT_1
4.188,2.466,4.956,3.562,4YQX_1
4.593,3.388,5.200,4.925,5B3J_2
4.380,3.078,7.365,7.079,6ORO_1
1.820,1.609,3.112,3.086,6DJP_2
4.336,3.094,4.959,3.705,2HFG_1
2.041,1.553,3.467,3.238,2FL5_1
3.531,1.963,4.066,2.379,1HIL_1
5.097,2.896,8.879,8.014,5DSC_1
3.644,2.280,4.155,2.568,1DEE_1
3.211,1.837,4.082,3.259,4JDT_1
4.210,3.270,5.309,4.911,3G6J_1
2.532,0.877,3.187,1.462,1MVU_1
3.589,2.014,3.939,2.407,5NIV_1
5.944,3.666,7.899,5.104,5VIG_1
4.583,2.897,8.400,7.497,6IEA_1
3.485,1.842,3.959,2.372,1CT8_1
5.017,3.509,6.314,5.818,1QFU_1
4.452,3.563,10.586,9.709,1DQD_1
0.741,0.444,1.009,1.018,1IC5_1
0.804,0.050,0.891,0.426,1IC7_1
3.372,2.689,7.627,6.958,2J4W_1
2.795,1.772,3.043,2.442,5TGB_2
2.953,1.980,5.410,5.081,1E4X_2
7.857,6.706,12.066,11.017,4NUG_1
4.281,2.015,4.470,2.275,1LO4_1
4.618,3.494,5.126,4.098,5Y2K_1
0.773,0.285,0.815,0.326,3DV4_1
5.768,3.368,5.942,3.604,3BGF_1
4.115,2.161,5.021,3.123,5W06_1
6.724,3.925,8.164,5.480,5EWI_1
4.897,2.488,8.346,6.230,1A3R_1
4.997,2.492,6.269,4.388,6NB5_1
4.828,2.988,7.077,5.382,6H3U_1
2.957,1.844,3.234,2.424,2H9G_1
4.610,2.074,7.192,6.106,5B6F_1
1.814,0.758,2.331,1.396,2D03_1
3.018,1.686,4.207,3.114,3OPZ_1
7.173,4.642,11.250,10.201,5L6Y_1
1.971,1.745,2.446,2.683,4XMM_1
4.368,4.411,8.458,8.454,6E5P_2
5.295,3.414,6.681,5.568,6B14_1
5.157,2.827,6.080,4.300,5XS7_1
1.990,1.092,2.414,1.882,5KVG_1
3.735,1.488,4.481,3.225,3BSZ_1
4.662,2.338,7.623,5.376,1YED_1
4.160,2.012,5.252,3.288,1NC2_1
1.514,0.276,1.963,0.844,5N4J_1
4.581,3.003,5.713,4.632,4HS8_1
1.980,1.005,2.432,1.597,1PG7_1
5.955,4.648,11.007,9.154,6ANP_2
3.396,1.453,3.896,2.754,4YHO_1
4.679,2.799,8.115,7.499,6CW3_1
3.523,2.143,4.565,3.804,5XAJ_1
5.350,3.610,7.475,4.632,5WL2_2
5.214,3.397,5.743,3.970,4ZSO_1
3.506,2.137,3.803,2.455,2R8S_1
2.223,1.291,2.309,1.404,1GC1_1
2.483,1.908,3.209,3.177,4HDI_1
1.305,0.290,1.372,0.480,1J1P_1
4.131,3.378,4.386,4.204,6DCV_1
1.797,0.551,2.597,1.482,6A76_1
5.830,2.918,6.441,3.521,3J8W_1
1.040,0.253,1.168,0.570,3EYS_1
4.810,2.589,5.898,4.360,5I17_2
4.965,3.311,5.212,4.096,5EOC_1
5.057,2.618,5.224,3.193,5LBS_1
4.024,2.549,7.598,6.916,4NYL_1
3.483,2.282,3.606,2.635,4JFX_1
5.784,4.000,11.825,9.233,2OR9_1
3.845,2.643,6.301,4.291,3DVG_1
2.480,0.978,3.393,2.469,1JHK_1
2.628,1.647,2.872,2.266,2FJH_1
4.608,3.270,5.555,4.308,6GKU_1
1.404,0.140,2.192,1.678,5DMG_1
1.104,0.240,1.160,0.404,1CZ8_1
2.408,1.912,3.367,3.371,4HZL_1
2.795,1.806,3.203,2.250,5TZ2_1
1.752,0.959,1.999,1.235,4YAQ_1
1.674,1.471,4.579,3.920,4DKF_1
4.452,3.004,5.272,4.482,3MLT_3
1.101,0.113,1.219,0.506,2DQI_1
3.892,1.691,4.102,1.860,6EYN_2
3.802,2.167,5.140,3.260,6N5D_1
4.240,2.819,5.133,3.822,3U36_4
6.363,3.882,9.611,8.568,4NRZ_1
4.835,2.036,5.217,2.750,6AND_1
5.295,3.394,6.720,6.084,5TPN_1
1.469,0.659,5.910,6.049,5VR9_2
4.943,2.719,9.124,7.435,2GSI_1
2.350,1.631,2.625,1.793,1NJ9_1
3.169,1.194,3.878,1.631,1I9R_1
5.439,2.406,8.466,6.756,5V2A_1
8.769,7.008,15.879,15.668,1FN4_1
