ID,tip_pos,tip_res,protrusion
4F57_1,99.0,W,5.186541368341615
6A67_1,101.0,D,4.392642700912515
6BF4_1,101.0,E,5.142808184216326
6EV2_1,99.0,G,8.118469838839305
3I9G_1,101.0,D,5.6769059396464145
4YPG_1,98.0,A,7.894081861256315
5CEX_2,99.0,R,6.534213945999521
1A7N_1,99.0,R,5.62635404051884
3KR3_1,101.0,D,4.991962546927886
2LTQ_1,97.0,A,4.72146476163698
6O3A_1,101.0,D,5.1134777956920585
5ESV_1,101.0,D,5.654080576989467
5LQB_1,99.0,G,7.168670114090604
4O51_1,99.0,D,8.56186168212334
6AOD_1,100.0,R,7.552483470813082
1WT5_1,99.0,Y,5.963833878998585
3WHX_1,100.0,E,5.978696307384379
6CDP_1,101.0,D,6.071049803724848
1BM3_1,96.0,A,5.623975219640359
3J1S_1,99.0,Y,4.699147594936069
5ITB_1,97.0,G,4.677559887944604
4XI5_1,101.0,D,5.099268399060657
5T33_1,101.0,D,4.589326565004495
6ANP_1,,,
3VE0_1,101.0,D,5.272506029132472
4BZ1_1,99.0,A,5.356891335247983
4EVN_1,101.0,D,4.813600512026116
1CIC_2,98.0,F,6.171754759042191
3TJE_1,99.0,D,10.674772499444972
5FYK_2,101.0,E,4.666934077943455
4ONF_1,99.0,S,7.601140710849528
5WOB_1,101.0,D,5.206866923670474
1QFW_2,98.0,A,5.447359293639119
5CUS_1,97.0,L,5.6490878390902965
4XNQ_1,99.0,D,6.9912100506897845
1YNK_1,98.0,S,5.383246777957916
5O4G_1,97.0,V,4.818763431489983
5H35_1,100.0,G,4.099620535035255
6BFT_1,99.0,Y,8.796332016268796
6MYY_1,101.0,Q,4.607642826414548
4MHJ_2,101.0,D,5.232698542661883
5MU0_1,97.0,F,4.733673076104096
5EOC_2,101.0,T,4.563780703694216
3W9E_1,101.0,D,5.969630250957115
5B6F_1,98.0,P,8.299888231280276
5B3J_1,99.0,G,5.766821663332898
5DR5_1,98.0,D,6.884902560858746
4YDK_1,98.0,Y,6.5738429711702375
4FFZ_1,101.0,D,5.360863005625543
2BMK_1,99.0,Y,8.035292582049447
3MNW_1,101.0,L,5.189881954862862
4JZO_1,101.0,D,4.620253412177033
5GZR_1,99.0,A,6.467406245518609
4PLJ_1,99.0,V,5.840404344490993
1FRG_1,99.0,D,7.561246634017041
2ADG_1,101.0,D,5.003022371930529
5X5X_1,98.0,V,7.036130751874126
4ZD3_1,99.0,D,5.675951947139911
3U6R_1,99.0,N,5.283793136451171
3KDM_1,98.0,L,5.527194753530135
1IC7_1,101.0,D,6.585883429153033
1A3R_1,99.0,Y,7.937966369648724
6MTP_1,99.0,W,11.584245001385781
5GGT_1,98.0,F,5.922808155778669
6CBV_1,101.0,D,5.581612877016032
2VQ1_1,99.0,G,4.975828253892832
3J8V_1,101.0,D,5.333028312653057
5U3P_1,99.0,P,5.9645305696153486
3Q6G_2,101.0,D,4.990048023924023
4DKE_1,101.0,D,5.193234101150662
3NA9_1,99.0,G,9.541415182706872
5TLK_1,99.0,P,5.6948964743705845
5VIG_1,101.0,N,5.5524478902494865
5USH_1,101.0,Q,4.741160220120103
6I8S_1,99.0,W,5.537948628220568
4JAM_2,101.0,R,4.527258052163834
1RUR_1,101.0,D,4.963672598808085
2AEQ_1,99.0,T,5.563496518783532
1DVF_1,99.0,Y,5.677834312747807
4NNP_1,99.0,E,7.857034295868641
2IH3_1,101.0,A,5.09881997689607
12E8_1,101.0,P,5.1052693773775335
6IEK_1,100.0,N,9.658199473880149
1T2Q_1,99.0,S,5.803022372675236
3GNM_1,98.0,G,6.133811124788603
3CSY_1,101.0,D,4.989065218446832
5A16_1,99.0,N,7.1080691398008735
1FL3_1,98.0,R,6.926174424293467
5IBT_1,99.0,R,8.272393667744732
3A67_1,101.0,D,6.457660236883965
4FNL_1,99.0,Q,6.424456899105401
3IFN_1,101.0,A,5.448192488951032
4CNI_1,101.0,S,5.047315110615041
3MBX_1,101.0,D,4.835539798656611
4WFF_1,98.0,V,5.474053282764024
4XBG_5,99.0,G,11.164604135470398
2VXQ_1,99.0,T,5.369816576393003
6CM3_1,99.0,E,7.168759313135187
3GBN_1,101.0,D,4.78494591823664
5IK3_1,98.0,T,5.983697850843819
4HFU_1,101.0,D,4.5054291777334825
5YWO_1,99.0,W,7.800181662977499
4G7V_1,99.0,S,5.024061526838614
6DLB_1,97.0,L,5.07147938490866
4D9Q_1,98.0,V,8.78453164983247
3LIZ_1,99.0,R,8.696941012154143
6A4K_1,98.0,D,5.971506877308329
3NAA_1,99.0,G,9.548953994240609
5DUP_1,98.0,Y,6.745956655585237
5CZV_1,101.0,G,5.885960849721514
4OJF_1,99.0,S,7.521112418166045
3FO2_1,101.0,D,5.140025774800217
6FAX_1,101.0,D,5.199598991497902
2Q8B_1,101.0,H,3.5870575877979287
3KJ4_2,97.0,G,5.511036866921998
6II4_1,99.0,G,7.450529193147359
3U4B_1,101.0,D,5.340617360237776
4A6Y_1,101.0,D,5.128278243513546
6GV1_1,98.0,Y,6.698007199975166
1AQK_1,99.0,Q,6.05114327658209
5BVJ_1,99.0,G,5.626462196075298
3OZ9_1,99.0,P,6.214631452781611
4LRI_2,101.0,D,4.904346187146993
6JMR_2,100.0,L,4.518633106161422
3PIQ_2,101.0,D,4.860876075977107
1MFE_1,98.0,G,5.506157354372073
4JN2_2,100.0,Y,4.902752068391441
5U7M_1,99.0,R,5.979371101468711
6C6Z_1,98.0,H,5.861822330656372
3TNM_1,99.0,R,9.132463117796359
1MJ8_1,100.0,D,6.016019497165592
4AG4_1,98.0,H,5.523729059510878
6DKJ_1,101.0,D,4.843196140066601
4QHL_1,101.0,D,4.741788191155652
3GRW_1,98.0,I,5.535900934414513
5NBW_1,97.0,G,6.822725617620825
5Y11_1,98.0,R,5.652399226659543
3ZL4_1,100.0,H,6.608063059223268
6B3M_1,98.0,Y,5.571037760665905
5D96_1,101.0,A,4.439415543293277
5DO2_1,101.0,D,5.434956666439771
5TFW_1,99.0,Y,6.977355835267038
4K3J_1,99.0,V,4.999034049098732
1Q72_1,98.0,L,5.542420812174612
1YJD_1,101.0,D,5.417665384611318
4KUZ_1,101.0,D,5.242324437114911
6BZV_1,99.0,Y,6.4914848422323645
4K3D_1,101.0,D,4.897141628986755
1DEE_1,101.0,D,4.6204359161228385
3QUM_1,98.0,R,6.945070934883234
4G6A_2,98.0,T,7.012252078674369
1MAM_1,99.0,P,6.903696004049371
1QKZ_1,98.0,E,5.492033023428271
4NRX_1,99.0,G,9.120831784298028
4OTX_1,101.0,D,5.122573435707381
6NB5_2,99.0,G,9.360793922170844
4LVH_1,99.0,G,6.508997622374048
6E62_1,99.0,S,5.652239380568339
5VIC_1,98.0,P,4.6653119712337245
3INU_1,97.0,P,4.9644466070325075
3ZTN_1,99.0,R,5.916294702796481
6BT3_1,99.0,Y,7.060726907577807
5DUM_1,101.0,E,4.572919439236349
5BO1_1,101.0,A,7.172182530134219
5GKR_1,99.0,L,5.409943395619718
3HAE_1,99.0,Y,5.113805184422651
5EPM_1,101.0,D,5.03828440765218
5K9Q_1,99.0,G,8.7058509211549
4JPI_1,101.0,Q,4.626237471704397
4YO0_1,99.0,Y,5.751852459161517
5GJT_1,99.0,T,8.080199833404652
4O4Y_1,99.0,D,8.171240741896455
5UR8_1,99.0,S,8.270447487513435
5YWF_1,99.0,Y,6.585346219867925
6BQB_1,100.0,T,8.158581381166934
6EYN_1,101.0,A,4.906733735524965
5GZ0_1,101.0,A,4.4375234987143335
5JQ6_1,99.0,Y,6.683709257409273
4XNZ_1,98.0,S,8.41350093284044
2Y07_1,99.0,G,6.5337731704177635
1EJO_1,101.0,A,6.158670360884258
1I9R_1,101.0,D,4.977187372639762
4A6Y_2,101.0,D,5.696903200768354
4S1S_1,99.0,E,7.60793141086814
1CL7_1,100.0,G,3.9664757454183346
3L5W_1,101.0,D,4.909964220238751
1RZG_1,99.0,D,10.158857769535352
4YHZ_1,99.0,G,10.592880296423022
4ZS6_1,101.0,K,5.948935179975682
6N4Q_1,99.0,Y,5.069820161390383
1MCO_1,101.0,N,5.257401936299118
1LO4_1,101.0,D,4.385085948181499
3PHO_1,99.0,G,8.45471995165763
5MYK_1,98.0,D,6.0471413166736845
2D7T_1,98.0,G,5.133107308911242
4F58_1,101.0,D,5.026086095125387
4R26_1,99.0,Q,6.761609650701588
2OK0_1,101.0,D,5.696098107199754
4XC1_1,99.0,G,12.249600131195502
5ESA_1,101.0,D,4.683265684733689
5KVG_1,98.0,G,6.858436063651419
4HK3_1,99.0,P,7.618267384151781
3EYF_1,101.0,D,5.223530771485311
5Y2K_3,99.0,V,8.214649301553024
1NMA_1,99.0,Y,5.547869127045928
2DQG_1,101.0,D,6.491336573994292
1JNL_1,97.0,D,7.040941425839458
3V6F_1,101.0,D,5.359566411865492
1CR9_1,97.0,H,6.417817431560342
2FJH_1,98.0,S,7.360192575666914
1XGR_1,101.0,D,6.436267740565206
4WV1_1,101.0,D,5.432229880158835
1SY6_1,99.0,H,7.36052743294148
2AI0_4,99.0,Y,5.289473975256903
3D9A_1,101.0,D,6.601948941941651
6OE4_1,98.0,Y,7.154577366127089
6H0E_1,100.0,T,7.350766212409403
1NC2_1,99.0,P,6.702043903792466
5BJZ_1,98.0,S,7.538545735185534
5XCX_1,101.0,D,4.759120527369214
4GAY_2,98.0,T,6.980880000975623
2YK1_1,99.0,L,9.267886551079576
5I30_1,99.0,N,5.158123505262602
5FEC_1,99.0,F,5.887520974073155
1EGJ_1,99.0,H,6.672205475380388
4Y5X_1,100.0,A,4.9525175737131395
3IU4_1,98.0,R,5.319885241023432
4HC1_1,98.0,S,6.293642154795963
2R56_1,101.0,D,5.297727268740355
1XGY_1,97.0,S,4.944448317098161
5DLM_1,98.0,G,6.414312914826076
6D9G_1,99.0,S,6.824759425140503
5XCQ_1,98.0,G,5.152997841697773
4M6M_1,98.0,K,7.219660676415282
4LLW_1,101.0,D,4.870403456409831
3MLT_3,99.0,E,8.038305643760607
4YQX_1,98.0,S,4.532767767229942
5SY8_1,99.0,Y,7.262063689919444
4R97_1,101.0,T,4.329268554161707
5XS7_1,99.0,Y,6.440015729160625
3G04_1,101.0,V,6.27512445279928
3AAZ_1,99.0,G,10.818517595791734
6GV4_1,98.0,R,6.153425173723596
6GLW_1,99.0,G,5.012963382622917
5XLI_1,99.0,G,4.700250453907106
1GGI_1,101.0,I,6.257924706437123
4FQK_1,99.0,S,5.269880082392905
3THM_1,99.0,D,10.855562140543825
5TH2_1,98.0,Y,4.548954958533012
5JOF_1,97.0,S,5.719910761356064
6BZU_1,98.0,S,6.401624059939782
5UKP_1,98.0,N,6.0594119512659645
3QPX_1,101.0,D,5.304480663819794
6DW2_1,101.0,D,5.171230506741533
4OLU_1,99.0,T,8.350357892418334
3LH2_3,99.0,G,11.957058948082315
4JAM_1,102.0,N,4.068492975102479
1AFV_1,99.0,S,6.208233272347117
6H3U_1,99.0,Y,7.201406119011602
1G7M_1,99.0,R,5.39579936565223
6DWI_1,101.0,S,6.819580258253583
4L5F_1,97.0,N,5.645149430685283
4UV4_1,99.0,Y,10.147519582001339
4RGN_2,101.0,D,4.791232924868325
1XGU_1,101.0,D,6.569368085991894
6DZL_1,99.0,W,6.063177908593138
1Q0X_1,99.0,Y,6.785681474994944
5MP6_1,101.0,D,5.2930132532935525
5W6D_1,101.0,D,5.559832639220607
5I1D_1,101.0,D,4.957050374159218
4R90_1,101.0,D,5.028014679213612
4XXD_1,101.0,D,3.776610791244559
1BVK_1,99.0,R,5.629159468886137
4XBG_4,99.0,G,10.973137805888177
1IC5_1,101.0,D,6.429039997585428
4LU5_1,101.0,D,4.639384688169884
1NGZ_1,101.0,D,6.9020959429345305
1E6O_1,99.0,L,6.467267898160351
3MME_1,99.0,P,7.900995003990858
3PJS_1,101.0,D,4.523130776723361
5JOP_1,101.0,D,3.3974057200349392
5BK5_3,99.0,E,10.564986885937264
6MH2_1,98.0,A,5.4105941608484365
1P2C_1,98.0,F,6.952552993962121
4HGW_1,100.0,Y,6.102164350051094
3BDY_1,101.0,D,5.1708538511360596
1E4X_2,97.0,S,5.511379874434102
4K23_1,99.0,H,4.803324428321893
1GC1_1,99.0,E,8.091530815593675
6DCV_1,101.0,D,5.581394953604417
2XWT_1,99.0,Y,6.165217669882352
6QN8_1,100.0,V,10.571344027494346
5U3N_1,98.0,A,6.3325956064594635
5F3B_1,98.0,A,5.737169118676694
1FGV_1,99.0,D,9.824276428221314
6CNJ_1,101.0,D,6.908146324293958
3NN8_1,99.0,S,8.29641470433492
1JRH_1,98.0,F,5.750038838320407
6MEE_2,99.0,Y,8.170308143798431
6C5I_1,99.0,T,8.815503675115007
3D0L_1,99.0,T,7.54511654208871
2VL5_1,101.0,A,4.817504699132045
5TKK_1,98.0,Y,6.528660598416556
5U4R_1,99.0,D,9.5940114429582
4M7J_1,99.0,T,8.472604173031758
1AXS_1,99.0,Y,7.308760469992467
3QUM_2,99.0,Y,5.631471601442628
4U6V_1,99.0,P,7.607645188112307
4YDV_1,101.0,D,5.325293110569733
6DJP_1,99.0,S,6.62455361158778
1JPS_1,99.0,Y,5.527363696631071
6BZW_1,98.0,A,6.4945247665279275
3DIF_1,99.0,R,4.983942469221316
2A9M_1,97.0,Y,5.18717101164076
4HXB_1,97.0,A,5.077284719566827
4OCX_1,98.0,Y,7.319269375443675
2UZI_1,97.0,F,5.402560587144528
3V4V_1,98.0,D,7.008106783602789
4WHY_4,101.0,D,3.8469465995375285
3CLE_1,99.0,L,7.19609786803322
1P4I_1,97.0,F,4.600212704994198
4YDJ_1,99.0,H,8.580980393528414
3G5V_1,97.0,R,5.683079020295186
4Q2Z_1,101.0,Y,6.406137784771477
4GMT_1,101.0,A,4.145058520391511
4BZ2_1,99.0,Y,6.0936012020688874
4GQ9_1,99.0,G,6.394811146707219
5XCU_2,99.0,D,7.728894541966372
3WLW_1,99.0,A,5.380244761279819
4S2S_1,100.0,G,4.205904325249859
6MLK_1,100.0,G,6.9840509038993055
5Y2K_1,101.0,D,5.278723142911937
6IUT_1,99.0,L,5.129428319438954
2ORB_1,98.0,Y,5.51406561472757
6ORO_1,99.0,Q,6.167427574895752
2C1P_1,98.0,D,7.40735144685138
5VVF_1,99.0,K,10.64656910840893
1N4X_1,101.0,T,4.1016777275472425
5VJO_1,101.0,D,6.581378403460448
4S1D_1,99.0,G,10.438109692996644
6ATT_1,101.0,D,5.135904294178383
3TV3_1,101.0,D,4.8655547289977665
2R0W_1,99.0,V,6.690693567256234
3V6O_1,99.0,E,5.24224258168744
1FDL_1,99.0,R,5.4930535619998775
4GXV_1,101.0,P,6.06031479807226
3LRS_3,99.0,P,8.276240364137553
3QWO_1,101.0,D,5.296493242860782
5DRZ_1,101.0,D,5.622270369829213
4ODV_1,98.0,N,5.198337717875243
3PGF_1,101.0,D,5.078671685118064
3NZH_1,101.0,D,5.840338662106133
1KIR_1,99.0,R,5.408950796499519
4KVC_1,97.0,N,6.792259653377562
1C1E_1,99.0,V,6.500250592390477
5E94_1,98.0,S,7.0023719978322525
4JHA_1,98.0,L,6.335386508003662
5VL7_1,99.0,R,5.280273287496361
4XAK_1,99.0,S,5.343097418307986
4N0Y_1,99.0,D,7.1563269139713945
4HG4_1,101.0,D,5.007721474072938
3SQO_1,99.0,Y,6.89615201928295
4NCC_1,101.0,D,5.200364560061142
5LSP_1,98.0,T,6.168007694884954
5CWS_1,97.0,W,5.6828453125685465
3MA9_1,98.0,T,6.419546525839469
5T5B_1,99.0,Y,7.1938653184923655
6C6X_1,99.0,T,5.543315049901088
3KJ4_1,101.0,A,5.374102466384787
5SZF_1,98.0,F,6.897647820271519
1KIP_1,99.0,R,5.29696870691133
5UIX_1,99.0,S,6.656878912833149
1UJ3_1,98.0,Y,5.754052979002287
2JEL_1,98.0,E,6.805251057640404
2E27_1,98.0,G,6.133329320924013
2DQD_1,101.0,D,6.469645349572407
4YBQ_1,99.0,Y,6.6448954863361385
1P4B_1,101.0,D,5.706346906481912
1KCR_1,98.0,G,5.75189005919789
3ZKM_1,99.0,A,6.135150799270541
5EZI_1,101.0,D,4.635958341758255
4AMK_1,101.0,A,5.253706300238708
4RZC_1,101.0,D,5.1863312566944675
4HPY_1,101.0,N,4.155832427260162
1MCP_1,99.0,S,8.603394211037289
4KAQ_1,99.0,G,7.906041032769621
3SOB_1,98.0,H,5.2974627675207655
6BFQ_1,98.0,T,6.499689530369585
6MAM_1,98.0,D,6.724889696794982
3I2C_1,97.0,I,5.975230209968144
6GC2_1,98.0,Y,6.7904424811325
3RAJ_1,101.0,D,5.2289567696951105
4RZC_2,101.0,D,5.168432818911934
2GSI_3,100.0,A,5.396527867488794
4FZ8_1,101.0,D,5.302637048166234
6B0G_1,101.0,D,6.127122985548492
6BIT_1,101.0,A,5.585726153298757
3DV4_1,99.0,V,6.924984300849131
1XIW_1,101.0,D,4.76464567482818
4YWG_1,99.0,Y,5.296639742443882
1SM3_1,97.0,Q,4.526645120477014
6A76_1,99.0,R,6.211040719078322
4ZFO_1,99.0,Y,11.587962765233433
2AI0_2,99.0,Y,10.408806175462459
4R8W_1,99.0,G,8.147859606619784
4Z0X_1,101.0,D,4.536285938646364
1G7H_1,99.0,R,5.355735747708118
4NJA_1,101.0,D,5.266814755951361
5W5Z_1,99.0,I,6.407133287360943
5ANM_2,98.0,G,7.302568440244426
1IAI_1,100.0,Y,6.3663435304655485
6APC_1,99.0,S,5.892407951791626
5DD6_1,99.0,P,5.955608365785039
1NLD_1,97.0,G,6.649106630736105
4HIE_1,98.0,D,8.046723642274173
4GAG_1,98.0,T,6.778024661879756
6A78_2,99.0,R,8.98980884371713
5UCB_1,99.0,A,5.814010016565226
3I50_1,99.0,Y,6.138982187988815
4YFL_2,99.0,S,4.351237140057716
1NBY_1,101.0,D,6.542308553515809
3TWC_1,101.0,D,5.196363596053092
3X3F_1,99.0,G,6.518670830431545
1NCA_1,101.0,D,5.590630126574377
4KVN_1,99.0,F,7.8710189706446645
1OAQ_1,101.0,D,5.602955592073753
4J6R_1,98.0,R,4.441235983577283
5DSC_1,101.0,N,5.487925096120932
4HBC_1,99.0,E,5.145062732703429
5WEQ_1,101.0,D,4.66420313566721
2AGJ_1,99.0,D,5.226887989423409
5JQD_1,99.0,Y,6.344448247062615
6MHR_1,98.0,P,7.8568999757115074
2NZ9_1,99.0,D,5.659957932312037
1GPO_1,101.0,D,6.557052385783612
5KVE_1,98.0,D,8.681669868478307
2R29_1,98.0,G,6.016414732462041
4NPY_1,99.0,R,5.78824665887635
1JN6_1,99.0,Y,6.9481238496229265
5WOB_8,101.0,D,5.320635460344308
5IT2_1,101.0,D,5.26894563097901
5KEN_3,99.0,G,8.080399873444984
4NPY_2,99.0,R,5.777808746221691
2NY1_1,99.0,E,7.477495779715305
1WEJ_1,99.0,N,7.834358894048609
1TQB_1,101.0,D,5.188905437511893
4NUG_1,98.0,E,4.894337797824794
5NGV_1,97.0,W,5.5487977914261695
5BV7_2,98.0,A,5.311778060091036
2NR6_1,98.0,Q,5.333262524180944
6MEE_1,99.0,Y,8.555445766030017
2VWE_1,101.0,D,4.925625267067645
4HCR_1,99.0,S,10.92315931955969
5TFS_1,101.0,D,5.690650933492243
3HZM_1,99.0,G,6.031826826246437
3M8O_1,99.0,Y,10.087946567653635
2J88_1,98.0,S,6.585540590036501
4OSU_1,99.0,T,7.137471506783293
1KFA_1,98.0,L,5.318537025672924
6II9_1,101.0,D,5.103522738698389
3UJT_1,101.0,A,4.9075380205767685
1A6T_1,99.0,Y,5.698994572525417
3BAE_1,99.0,G,10.747162481538881
5USL_1,100.0,A,8.35587677863102
4M61_1,99.0,R,5.466468841641717
3LH2_1,99.0,L,10.976016755663085
3K2U_1,99.0,P,5.864242915066893
1AD0_1,99.0,R,5.011439729327052
4TSA_1,98.0,G,4.7363358261694115
1YQV_1,98.0,D,7.923553508056514
6MTJ_1,101.0,D,5.384840551779959
1NSN_1,101.0,G,5.227721862309602
6IUV_1,99.0,Y,8.683947926954248
1FE8_1,97.0,Y,5.33157059766992
1ZA3_1,99.0,Y,6.012014324588119
4QHN_1,101.0,R,4.135445961766612
1NAK_1,101.0,D,6.205616434187923
1CLZ_1,98.0,D,4.832058171337726
1JHK_1,98.0,N,7.627651069501845
4FQC_1,99.0,R,7.169807597033597
4HK0_2,99.0,P,7.286441007412107
3B9K_1,97.0,E,5.653474356442646
6DB5_1,100.0,S,6.995533636519805
5WHJ_1,98.0,G,9.323733047839783
5ZS0_1,100.0,P,5.855063504241151
5VZY_1,101.0,D,3.7440566605382397
6IEA_1,100.0,G,7.424112251020131
3IDX_1,99.0,K,8.212987278820231
6AZM_1,101.0,D,4.375728343478261
4DKF_1,101.0,D,5.651812000240249
6MW9_1,97.0,F,6.17327716554021
4LEO_1,101.0,T,4.926333401376202
5UEK_1,99.0,A,5.74763468446987
4UV7_1,101.0,D,5.130563252914352
4M7K_1,98.0,Y,6.267105776982923
1B4J_1,101.0,A,5.122731684792146
4XCY_4,99.0,G,10.95636729305828
3IDG_1,99.0,T,7.7371918638378885
4XMP_1,99.0,C,8.93508249158232
6C5K_1,100.0,D,8.172216485797351
3IXX_1,99.0,Y,6.157014856421596
4LLY_1,101.0,D,5.401329940589678
5IHZ_4,98.0,R,7.238701221513238
5UBZ_1,99.0,S,6.999090769672676
5CEX_1,99.0,R,7.669583777130741
5IG7_1,100.0,C,7.553062403651167
4NKD_1,99.0,S,8.01709774527765
5TRP_1,101.0,D,5.323487883503197
3L5X_1,101.0,D,4.931443890752145
3T3P_1,100.0,Y,4.270056780098498
4UIN_1,99.0,Y,6.474912357047498
5VLP_1,98.0,Y,6.761353266333865
5WKO_1,97.0,E,4.8128814894513825
5X08_1,99.0,P,12.259553866852764
3DRQ_1,99.0,T,7.349243522004808
5F9W_1,101.0,D,5.358935815739449
6BDZ_1,101.0,D,5.880804791178878
4YWG_2,99.0,Y,5.179661690314702
1OB1_1,99.0,F,7.092065732674436
5IHZ_1,99.0,C,8.203015054411479
2HFF_2,98.0,Y,6.596533720357759
3FN0_1,101.0,D,4.861277698790013
5U3M_1,98.0,A,6.233426899961636
4LMQ_1,101.0,D,5.3557894292099295
5IES_1,98.0,S,6.037721841566593
4XHJ_1,101.0,M,5.029011585723993
5BZW_1,99.0,V,6.520969728830149
6ID4_1,98.0,V,5.884904615012993
6GFE_1,101.0,D,5.478213321354065
25C8_1,99.0,Y,9.70242260063902
4XCY_6,98.0,T,8.743232073017678
3U30_1,101.0,D,4.82700333406807
1FSK_1,97.0,R,4.492066966490554
3U1S_1,,,
1UB5_1,98.0,R,6.937862088160382
6IAS_1,99.0,G,5.897210760028755
5GS0_1,98.0,G,4.9468277620770555
1RJL_1,99.0,D,8.082489153270277
5UBY_1,99.0,S,8.105454315909531
4FQ1_1,99.0,R,6.548707093645615
5FB8_1,101.0,D,5.201897141297046
5I1E_1,99.0,Y,6.053565018344116
1PKQ_1,99.0,V,4.693234469086487
6FAB_1,99.0,G,7.2172687235741755
3DVG_1,99.0,W,6.377342187890559
4PS4_1,101.0,D,5.039221824216227
6CA7_1,99.0,Y,9.46898667665994
3WHE_1,99.0,R,6.248377156349602
2FL5_1,99.0,G,7.848150132262053
4HQQ_1,98.0,G,7.719012819573176
4NZU_1,99.0,A,8.607550549498376
5KJR_1,98.0,L,4.49917125247958
3HNT_1,99.0,V,6.393529892760151
5TRU_1,98.0,L,5.453755093966657
2BDN_1,99.0,F,5.631398063352854
5FEH_1,,,
1AE6_1,101.0,D,4.921714625135974
6IVZ_1,98.0,D,6.172456523456536
5N2K_1,98.0,H,7.957222833302619
2R0L_1,98.0,R,6.095621116261026
5CGY_1,98.0,D,6.760790079226898
3QG6_1,101.0,D,4.701642615981248
1RZI_2,97.0,G,5.039755509103602
3LRS_1,99.0,P,8.304089181386244
5CJO_1,101.0,D,5.343239267593514
3HI6_1,97.0,D,4.6463397428560524
1KEL_1,98.0,Y,6.71901862396682
1I7Z_1,99.0,L,8.02209598145024
3G6J_1,99.0,G,8.199806587375779
1A5F_1,101.0,D,5.083038411032377
5TGB_2,99.0,G,5.479171210473121
4XCF_1,98.0,T,8.78188769911814
3O41_1,99.0,T,7.38609877212067
4C2I_1,99.0,G,6.445621352496534
3W2D_1,98.0,Y,5.7639950292827065
5JZ7_1,99.0,Y,5.678265730763438
5JO4_2,101.0,D,5.672839003343884
5K59_1,99.0,H,6.028218932848646
6GK8_1,98.0,P,5.225363249075052
1CLY_1,101.0,A,3.94811404317643
4GAJ_1,98.0,T,7.03248317468541
5J13_1,101.0,D,5.145441039895177
1A7Q_1,99.0,R,5.5742036367001475
5UEL_1,101.0,D,5.16401832720301
5UKO_1,101.0,D,5.4182131896385695
2HMI_1,99.0,S,6.561355568171123
6CXY_1,99.0,L,5.5234606920686575
5YFI_1,99.0,G,7.092759691325961
1UWG_1,99.0,F,6.078992445096127
5DYO_1,101.0,G,4.320039103273841
4GMS_2,101.0,A,4.3202744380455185
2HH0_1,100.0,K,7.8972972091357425
5G64_1,101.0,A,4.572062427564846
4QHK_1,101.0,D,4.783733417793074
5KEN_1,97.0,P,5.633573495280066
3O2V_1,99.0,V,6.638071229371973
5VL3_4,98.0,T,7.470983669350573
1FLR_1,99.0,M,5.763257913312138
1UZ8_1,99.0,R,8.227119526415995
5W2B_1,101.0,D,4.873501474434313
1YNT_1,99.0,Y,7.233772782715335
2XKN_1,97.0,G,5.974786988991626
1XGT_1,101.0,D,6.5157486471301
5OD0_1,99.0,S,5.344026072693816
4TPR_1,100.0,T,5.2857495590471375
4XAW_1,99.0,G,9.050694259703082
5I1D_2,98.0,E,5.373964198955693
4PY7_1,99.0,Y,6.16374074647617
4JPK_1,101.0,Q,4.5701903791926215
4JFZ_1,101.0,D,4.890509906758164
4NWT_1,101.0,D,4.284338197594108
5WCC_1,99.0,Q,5.7827498888110505
3MXW_1,101.0,D,4.943509335841962
5MHS_1,101.0,D,4.814420305172428
4JJ5_1,99.0,S,7.702030484838461
6N8D_1,97.0,P,6.535658070999223
4IDJ_1,99.0,S,6.643768173395383
6NNJ_1,101.0,D,5.607854276953953
4NKM_1,99.0,S,8.522463647026465
4OM1_1,99.0,T,8.443326259561438
2HKF_1,98.0,H,5.868260103807773
2QQN_1,98.0,P,6.48767895744295
2GK0_1,101.0,D,4.267703955946979
5I17_1,100.0,G,5.511294771907216
2DDQ_1,101.0,G,5.1979301523040595
6E5P_2,99.0,R,9.843928665936968
1J05_1,98.0,Y,8.06791217856085
3PNW_1,99.0,S,9.143819158748325
4LVH_3,99.0,G,6.598902924487598
1SEQ_1,99.0,G,6.463946958173159
5XMH_1,99.0,A,5.726962735941419
1AP2_1,101.0,D,5.675288024018266
6GKU_1,101.0,D,5.512575708754076
6A79_1,99.0,R,8.789226577311421
4G5Z_1,101.0,D,5.355582298701505
5C0S_1,101.0,D,4.886487290004765
1IC4_1,101.0,D,6.449014505041899
5KQV_1,101.0,A,5.292689707481187
5IKC_1,101.0,D,5.991346094372679
1YED_1,100.0,V,7.120199756903694
4JN2_1,100.0,Y,4.791133739317857
4HHA_1,101.0,D,4.403300059090694
1NFD_1,98.0,F,6.511613139409663
6BLH_1,99.0,G,5.8053103038584775
4I18_1,99.0,V,8.214922302326643
3O6K_1,97.0,D,6.189211937510238
1OAK_1,101.0,D,4.830618074050692
4LKC_1,99.0,Y,8.24066201419232
6EAY_1,99.0,T,5.396398342699668
3Q6G_1,102.0,S,4.478469195294706
3QRG_1,99.0,T,7.213641496670631
2FB4_1,101.0,D,4.76673591705385
4ONG_1,97.0,S,7.384040930542302
4R4N_1,99.0,P,6.105032872352505
5BK2_1,101.0,D,5.3812872805229395
6AVN_1,97.0,A,5.150747401126842
1YEE_1,100.0,V,7.040761002063898
5WCA_1,99.0,R,6.747995085898239
2ZKH_1,97.0,F,4.718871112056502
5WNA_1,99.0,T,7.049941492727119
2EKS_1,101.0,D,6.539213503901601
2IQ9_1,99.0,V,6.501247433715154
1MQK_1,101.0,D,5.177529216236271
4R4B_1,99.0,P,6.1182536596273565
3JAU_1,98.0,W,6.206284215179014
3GKW_1,99.0,F,5.617393191534751
4G6A_1,98.0,T,6.861233724456974
6ELE_2,99.0,A,5.347127135585699
5GGQ_1,102.0,Y,4.009996451295624
5NHW_1,101.0,D,5.467384440799077
5N4G_1,97.0,K,6.37799372572901
5YE3_1,,,
4YGV_1,101.0,D,4.164588504766178
5YE4_1,,,
6DF0_1,98.0,A,5.345383798740897
2Z92_1,98.0,Y,6.002068841036019
1HQ4_1,98.0,N,7.805563090159005
4UTA_1,100.0,Y,5.842995645742146
3FO0_1,101.0,D,4.759145849952963
6AYZ_1,99.0,A,5.7251231217326986
5VSI_1,99.0,Y,6.941610583334373
2ARJ_1,101.0,D,6.230522910173797
4HPO_1,98.0,R,6.164981290385991
1C12_1,99.0,L,12.586143035129414
1HEZ_1,101.0,D,4.731345960451444
6N5E_1,98.0,Y,5.6045302814919635
2IPU_1,99.0,T,6.763916872698042
3FZU_1,98.0,G,7.867452900981985
5F6I_1,99.0,Y,5.61399489159966
3H0T_1,99.0,S,5.461147626209827
5U6A_1,98.0,D,8.504538141772036
5VAG_1,101.0,Q,5.088797195306532
2RCS_1,97.0,G,4.863407417961751
3EYQ_1,99.0,G,5.595405898712269
1Z3G_1,97.0,D,5.332697917599337
3P30_1,101.0,D,5.162314118552179
1IL1_1,99.0,R,7.604600268430134
5JO5_2,99.0,Y,6.436260930840744
6B0E_1,101.0,D,6.30577055722579
2QAD_1,99.0,D,10.05153922371768
2HFG_1,99.0,N,7.211789896539728
3EFD_1,101.0,D,4.66424810908677
5YSL_1,98.0,G,6.568098287323714
5XRQ_1,99.0,V,5.903538556752519
4U6H_1,101.0,P,5.417006012506809
1OSP_1,101.0,A,4.431268927017795
4XH2_2,98.0,Y,6.20480897431901
2DQE_1,101.0,D,6.44509936895066
4FQL_1,101.0,D,5.13677227155944
5TH9_1,101.0,D,5.241283311037784
3Q3G_1,98.0,Y,6.775842822268729
4JG1_1,101.0,D,4.961053412608831
5DMG_1,101.0,N,3.230386663731645
3QHF_1,99.0,S,7.89965837465173
5X8M_1,101.0,D,4.921011167095464
5TQA_1,99.0,S,6.265486590393921
1L7T_1,102.0,H,3.9122590376762436
4OD2_1,101.0,D,5.327234014875289
4J8R_1,98.0,A,5.889465164094827
6B70_1,101.0,D,4.886132093771545
3VG9_1,99.0,Y,6.445639602720096
2XQB_1,99.0,W,5.33307783386336
5TDO_2,96.0,A,5.570016185763476
4LAS_1,100.0,Y,6.8038409501234955
5FGB_1,99.0,Y,5.59998711213781
3HC4_1,98.0,G,5.321201960074001
2FAT_1,98.0,H,6.814334866958527
5WTT_1,99.0,E,6.626495480204082
1K6Q_1,99.0,Y,5.858137495416246
5VPL_1,100.0,Y,6.159321045791581
5USL_2,100.0,A,8.08260226136208
5IHZ_2,97.0,R,7.350593022403804
6B08_1,101.0,D,5.059936066237111
5B71_1,99.0,D,6.704025349540489
5VH4_1,101.0,D,5.146333184129376
2D03_1,99.0,S,5.850433652087544
3TCL_1,101.0,D,5.423757779533482
5ANM_1,99.0,W,5.0583378830545795
4N90_1,101.0,D,5.191181129716481
6GHG_1,97.0,G,6.248074261350569
6ANP_2,101.0,S,6.329796556476897
5I15_1,99.0,Y,6.618734222784928
4JDT_1,98.0,C,7.366769627075024
4OLZ_1,99.0,T,8.426505116820106
6CSE_1,98.0,A,6.301013024113354
6BKC_1,98.0,R,6.807157476670883
2B1H_1,99.0,Y,10.052646870782878
5LBS_1,100.0,Y,5.832802567477165
6BPE_1,101.0,D,5.495407074927628
5DQD_1,101.0,D,4.802626623866252
2W60_1,98.0,A,6.315565716397876
5JW5_2,99.0,T,7.947904493033987
3U7Y_1,99.0,T,8.417714476132248
1ORQ_1,101.0,D,5.431617922054134
4LST_1,101.0,E,4.391053235734347
1G7J_1,99.0,R,5.309832627900762
4FQJ_1,99.0,S,5.269682084238992
5EU7_1,99.0,F,9.666458116565847
1S3K_1,101.0,A,3.7382042717174007
1DFB_1,101.0,D,5.0395599635774975
2H9G_1,101.0,D,5.051761146886425
4K2U_1,97.0,D,5.213280877334242
5TPN_1,101.0,D,5.214462061036887
2GCY_1,98.0,D,5.692513759999376
2VXV_1,99.0,W,8.96147818171286
4IRZ_1,99.0,G,9.99037662256889
6O3B_1,99.0,A,4.629147441472205
2CJU_1,98.0,Y,5.922492450929985
1MRC_1,98.0,Y,7.463159649451933
3P0Y_1,98.0,V,7.838678230487258
1SBS_1,101.0,D,5.139373579681144
5L6Y_1,101.0,D,6.161152166560041
5WB9_1,101.0,H,4.52947494095962
2DQU_1,101.0,D,5.179890945769426
5UDC_1,98.0,L,6.328611759238666
4R7D_1,101.0,P,5.837010303052124
5I1C_1,99.0,Y,5.976608483841102
5TL5_1,101.0,A,4.608566641613996
6DEZ_2,98.0,Y,5.798896727480809
5ZXV_1,102.0,Y,4.054799855770457
2Y36_1,99.0,G,7.077825045680223
5IGX_1,99.0,T,5.672104416634145
1EMT_1,102.0,Y,3.9014797822320233
2GSI_1,100.0,M,7.706542098480787
4HXA_1,98.0,R,5.532650914191805
6MCO_1,101.0,D,5.4789634822319035
4LVN_1,99.0,G,10.070653351135409
6CT7_1,,,
2R4R_1,101.0,G,5.028763301837172
6J5D_1,101.0,D,4.868339901571276
5F7E_1,99.0,F,5.986957934642519
3BGF_1,101.0,D,6.530274371485253
6QNA_1,100.0,V,10.443153581233792
5FGC_1,101.0,D,5.237354934179849
6NOV_1,99.0,T,6.9591738981598175
5KVF_1,99.0,Y,10.668757468149394
4OGY_1,99.0,V,7.290385049671387
2GSI_2,100.0,Q,5.65569224927142
3I75_1,101.0,D,6.0877465847387855
6CW3_1,99.0,M,11.098076658817455
5CP3_1,101.0,G,4.314651278908007
2F5A_1,99.0,T,6.276975406492494
5EWI_1,101.0,G,6.0983101639071835
3QQ9_1,99.0,T,7.401947950677944
4HLZ_1,96.0,K,3.724664277276508
1FIG_1,99.0,N,6.797373036688013
1HIL_1,98.0,Y,6.683370744512523
1BAF_1,101.0,A,5.659589524270568
3J2X_1,99.0,A,5.478605827111917
5DWU_1,101.0,D,5.43327741768358
3IFP_1,101.0,D,5.58147331108531
5ZMJ_1,100.0,Y,4.9555090656685845
2J4W_1,99.0,D,8.871636782833113
6B9J_2,99.0,I,5.0662746640437515
5F96_1,101.0,D,5.348254976765335
5TGB_1,101.0,D,5.18972059179739
6BPA_1,101.0,A,4.245649562765215
3CVI_1,101.0,A,5.824305628459799
4C83_1,101.0,A,6.2310691040567
4KPH_1,101.0,N,4.682706245459934
2RCJ_1,99.0,S,5.794789383617081
3OPZ_1,101.0,D,5.744985524636518
43C9_1,99.0,G,9.691081766947867
6BTJ_1,99.0,Y,5.674688818758193
5T6L_1,99.0,Y,7.162899374191545
5YOY_1,101.0,D,5.493532739879086
4XCE_1,99.0,G,10.672502677562125
5GRV_1,99.0,W,7.248898974641919
4AEI_1,98.0,Y,5.934385874791512
3PP4_1,99.0,G,6.510515670531734
5MHE_1,99.0,G,6.339240546407322
3FMG_1,99.0,P,6.718685624844196
4NP4_1,99.0,G,5.601498477183974
5IBL_1,99.0,R,6.80266651886542
4ERS_1,101.0,D,4.934589256004442
1PSK_1,97.0,F,4.741983342043392
2DQF_1,101.0,D,6.495311996089561
1KTR_1,97.0,G,4.5907899904758995
6DB6_1,101.0,L,5.632477432769187
1BJ1_1,99.0,Y,9.135433341201995
4KMT_1,99.0,Y,6.573298336407337
1ZA6_1,101.0,A,6.286011182450639
4XH2_3,98.0,Y,6.115483112449702
2JB5_1,99.0,Y,11.510745671874622
5MYX_1,98.0,I,7.134439726550033
1EAP_1,99.0,S,10.676162746850933
5GZO_1,101.0,D,4.531939918567702
6BCK_1,99.0,G,5.372827317312547
4OGY_2,99.0,V,6.937711563460868
5CP7_1,101.0,G,4.5840475334794295
1FBI_1,97.0,Y,6.5202366816848825
3SDY_1,101.0,D,5.629260202560082
6BLI_1,99.0,S,9.169001928672383
2YC1_1,99.0,S,6.320232241788728
6NB8_1,100.0,R,4.834801578226319
1MIM_1,99.0,Y,6.069951007107635
2QSC_1,98.0,Y,7.180239381325965
6MH2_2,97.0,A,5.448421475055697
6OT0_1,99.0,W,5.506079529525111
3UTZ_1,99.0,G,7.24277683585537
3NPS_1,101.0,D,4.695329685308775
2Y6S_1,101.0,D,4.906581305183693
4MHJ_1,101.0,D,5.233004552124949
3V6O_2,99.0,E,5.459907903167137
6MTO_1,99.0,W,11.634743003022347
5CSZ_1,101.0,D,5.229461599043951
1DBM_1,99.0,N,6.202596507733332
4M1G_1,99.0,Y,5.279589884149866
2FGW_1,98.0,Y,6.419656421041003
6HF1_1,101.0,A,5.017772943175887
4OB5_1,99.0,G,10.784890131217384
1UAC_1,101.0,D,6.515440894788363
2QR0_1,101.0,D,5.241339425913545
4TTD_1,101.0,V,4.8972989573111025
1DLF_1,98.0,H,8.617765197982637
1ZTX_1,98.0,Y,5.487712473910111
1A14_1,101.0,D,4.84765144932603
1ADQ_1,101.0,H,4.18411958952795
4N9G_3,99.0,M,7.266421392878107
1EO8_1,100.0,W,5.992042502424887
2A6I_1,99.0,G,7.633569153020865
4ZSO_1,99.0,A,8.234185620548526
1H3P_1,98.0,D,8.267349924430913
3FO1_1,101.0,D,5.151762551573969
6MED_1,99.0,Y,9.490518273861133
1KEN_1,99.0,Y,6.17289847072912
3LEY_1,98.0,L,4.357482183732053
4NUJ_1,98.0,E,4.926466279419072
4POZ_1,99.0,T,8.6345410488413
6MTR_1,101.0,D,4.634596681474551
2GK0_2,98.0,Y,5.960796545770119
5TY6_1,99.0,N,8.774886511856085
4DAG_1,99.0,A,5.606259729653123
1H0D_1,99.0,G,6.948062150221018
6ANI_1,101.0,D,5.445548953560257
5JO5_1,99.0,P,7.163680784805255
3GI9_1,101.0,D,5.095611970011006
3CX5_1,101.0,D,4.993332879417801
3HMX_1,99.0,Q,4.987645314056423
1Y18_1,101.0,D,5.080022929916266
6FY2_1,101.0,D,5.277189836289659
3I02_1,101.0,D,5.179838122708261
4QF1_1,101.0,D,4.334430085813933
4OKV_1,101.0,T,5.168843453068256
4KI5_1,98.0,G,5.4542117653831905
6IDG_1,99.0,S,10.320627171430154
3QPQ_1,97.0,V,5.340106241997536
1C5C_1,101.0,A,3.433814681796402
5IQ7_1,99.0,Y,7.238514483932148
3DGG_1,98.0,Y,6.592424717905916
3ULS_1,101.0,D,5.598888770200848
1DQD_1,99.0,Y,12.020078725103593
1MJU_1,98.0,W,5.6687989932626754
4ODH_1,99.0,S,8.013614280081573
2OP4_1,101.0,G,5.573610022008879
4X4X_1,101.0,D,5.393107503814373
4OCR_1,99.0,Y,6.862778216118326
5UKN_1,101.0,D,5.538532040633601
6ORQ_1,98.0,T,6.8343035518636945
1MHP_1,101.0,D,4.219649152143714
4RNR_2,101.0,S,5.9016806756189295
1BFO_1,99.0,A,8.163107164509997
4JR9_1,99.0,R,6.249135387410751
2NYY_1,99.0,D,5.8984338796499545
5AUM_1,101.0,T,6.3520841121815055
2CK0_1,99.0,E,5.523401070029008
4XH2_1,98.0,Y,6.280799164085791
3DVN_1,98.0,R,6.497176006077649
6FY1_2,101.0,D,4.956594835814631
5E08_1,101.0,D,4.573937427130387
4YBL_1,99.0,R,8.439431285575537
3IET_1,99.0,N,5.398904917983833
4HT1_1,101.0,V,5.08147448416739
4U1G_1,99.0,K,5.369602699475825
4JY6_1,99.0,K,6.192616707640142
2Q76_1,98.0,F,6.9143343260796994
3IJH_1,99.0,S,6.435563843408014
5W24_1,99.0,Y,5.2156581567248335
4YDI_1,98.0,Y,5.865328409674112
4KQ4_1,99.0,S,5.3326525629642285
4WUU_1,99.0,G,5.553300156111117
5NIV_1,99.0,K,5.888769070255864
5XWD_1,99.0,T,6.2753085116738845
4D9L_1,101.0,D,5.043023559393498
6E4X_1,101.0,D,4.538168582494174
6DJP_2,101.0,S,5.572267788040491
5F6H_1,99.0,Y,5.5660624833337735
5K9O_1,101.0,D,7.002632663947223
4K94_1,99.0,A,5.608785292247482
6JEP_1,101.0,D,4.83924143554678
5O4O_1,101.0,D,5.608779641290098
3EFF_1,101.0,D,4.363010903091239
4ZTP_1,101.0,N,4.462751835960172
5K9J_1,99.0,I,8.75312679122678
6O39_1,98.0,P,7.449743818235552
5F3H_1,98.0,A,5.834479240194749
5OBF_1,101.0,G,3.1156900355243016
4ZYK_1,101.0,D,5.583482011590134
4TNW_1,99.0,Y,6.801006547047743
3A6B_1,101.0,D,6.4379441165825595
5EN2_1,101.0,D,5.891415097670301
3AB0_1,99.0,Y,5.872625352471339
6BP2_1,101.0,D,5.713700343906088
5OCC_1,99.0,Y,6.17939904511139
6MTQ_1,99.0,G,11.761602286780803
2R0K_1,97.0,R,5.3523542594780995
1MRE_1,98.0,Y,7.625763146949366
6BHZ_2,96.0,A,5.481422226950382
5G64_2,101.0,A,4.949231805558102
4DQO_1,99.0,P,7.414046453122377
6B5M_1,99.0,T,8.6649329500134
4ORG_2,101.0,D,5.18172115519133
5WDF_1,99.0,Y,6.910501492906336
3GBM_1,101.0,D,4.759993936565935
3MLT_1,101.0,D,5.135327487053929
1I3G_1,101.0,G,3.272856876559602
5JR1_1,99.0,Y,8.858499545513032
1GGB_1,101.0,I,5.14151016063063
4NKO_1,100.0,M,5.102775421897631
1IQW_1,99.0,S,6.534281250406946
2GFB_1,102.0,Y,7.459994328943559
5JUE_1,99.0,F,5.112688145566132
4H88_1,101.0,E,4.257142600856384
5N7W_1,99.0,Y,6.356960441802604
1F58_1,99.0,P,11.460862595146821
6IEB_1,99.0,D,5.9079975108231695
6OKQ_1,98.0,G,5.962940557965173
2V7N_1,99.0,W,7.107357869248346
2A77_1,101.0,D,5.51850043155609
2H32_1,98.0,Y,4.9832072961784935
5WUV_1,98.0,S,6.528193085126167
5UEA_1,98.0,T,4.947322163839231
4DVB_1,97.0,L,7.02052725777473
5TE7_1,98.0,Y,5.384136896178094
1ZEA_1,101.0,D,5.763160250858294
3VFG_1,99.0,Y,5.735185847836905
5ALB_1,99.0,Y,4.743568229388557
4GSD_1,99.0,D,5.10161596143356
4OT1_1,99.0,T,7.225615530727441
5E2W_1,101.0,L,4.851293379587019
2OZ4_1,97.0,F,4.308609079617283
6CUE_2,101.0,D,5.560845135944841
5M63_1,99.0,E,11.202034758821863
4OD3_1,99.0,D,5.834841195334722
5TJD_1,98.0,N,8.188659376199325
6CA6_1,99.0,G,12.816484461258051
2ZJS_1,101.0,D,5.193313262998056
3F12_2,98.0,G,5.616140865291221
4PB0_1,98.0,G,8.788567872916019
4JZN_1,101.0,D,4.660511693869185
1MH5_1,100.0,D,5.754653260606807
6DDM_1,97.0,S,5.616018851454251
6ELE_1,101.0,D,4.676247597669592
1G7L_1,99.0,R,5.347705770505909
3IY4_1,99.0,S,6.614483640992172
6D0X_1,99.0,Q,8.404422075269785
3R1G_1,99.0,P,5.945268991548334
4JZJ_1,98.0,L,4.784339549778577
5Y9C_1,99.0,Y,5.609090946069855
4UOK_1,99.0,F,5.213564917558835
1J1O_1,101.0,D,6.44473928423108
4UOM_1,101.0,D,4.440713106720973
1UWX_1,101.0,D,5.54220476177578
3QHZ_1,98.0,V,5.777659694551498
4NRZ_1,99.0,G,9.551045401949875
1P7K_1,97.0,Y,5.0150382421283
1NGY_1,101.0,D,6.261485473274077
5UDD_6,98.0,L,6.849188343821974
1A4K_1,99.0,R,5.502649498067107
5U0R_1,99.0,G,6.203884057142732
4CMH_1,99.0,G,6.281088481739058
5KAQ_1,99.0,P,6.600434938509001
4HZL_1,99.0,V,6.196313744759224
6H3T_1,101.0,D,5.717074083874005
2HWZ_1,101.0,D,5.0654124389791235
2XTJ_1,101.0,A,6.380403239673584
1IT9_1,99.0,S,7.547597648138594
1T66_1,98.0,H,7.607013132774101
4QWW_1,99.0,Y,8.244219151575379
5IFH_1,98.0,A,6.403303379475208
4LF3_1,101.0,D,4.893954681813049
4ZFG_1,99.0,L,7.622936859844433
5XCV_1,99.0,Y,5.498953447304106
3WD5_1,101.0,D,4.479421668517456
4Y5Y_1,98.0,G,6.01671978583918
1JFQ_1,99.0,G,7.337188681685477
1UM5_1,99.0,D,5.149602321080532
6D01_1,99.0,S,5.175585655302627
3LDB_1,101.0,D,4.954341689879909
3V0W_1,98.0,G,5.450308168435932
3IY1_1,101.0,D,5.564973313383776
4KTE_1,99.0,V,7.391652839456013
4FFV_1,99.0,F,5.145351039142163
5Y0A_1,99.0,Y,11.745974884917755
5TPL_1,99.0,S,6.250125360387722
6N81_1,98.0,R,5.017784096609058
4KUC_1,100.0,F,5.705132686212101
6CNR_1,101.0,D,5.439265413035348
6C9U_1,101.0,D,5.721239069762777
2PCP_1,99.0,D,4.720793342577643
5HI4_1,99.0,G,6.006286613742902
4LQF_1,99.0,A,5.650118175884494
4R96_1,99.0,Y,6.773428221084086
2R8S_1,101.0,D,4.583902157791018
4K7P_1,98.0,Y,6.4596247871436825
4WCY_1,98.0,D,7.058440602999829
2A9N_1,99.0,S,7.757750876911063
4WUK_1,97.0,L,5.255857070039241
3GO1_1,99.0,D,7.319717234910495
5L7X_1,97.0,G,5.598800375303706
3U36_4,99.0,P,8.266293599238502
6AXL_1,101.0,D,5.193546921796439
1DQL_1,101.0,D,6.421992295875163
2YMX_1,99.0,T,6.708060392870449
2PR4_1,99.0,G,8.209462236781489
6BHZ_1,101.0,D,5.357095898473532
4F37_1,99.0,G,9.93318361455758
3OJD_1,101.0,D,4.998692911456368
5VR9_2,99.0,Y,11.11900620521652
3U36_1,99.0,P,8.261651847716426
1MEX_1,101.0,D,6.239398308981414
5BK5_2,99.0,E,10.649414636154257
4QT5_1,101.0,G,3.442017914989684
6E9Q_1,,,
1NJ9_1,98.0,L,5.9495880800840055
6FY3_1,99.0,Y,8.540027812025727
4PUB_1,99.0,D,11.430812390472818
3GK8_1,97.0,F,4.33549230874831
5I19_1,99.0,Y,6.249671775048445
2BRR_1,99.0,S,9.565886291159815
4LCI_1,97.0,E,5.332729931495138
1RZI_1,98.0,G,6.210573069064761
6NJM_1,99.0,Y,8.620953869208998
6B5R_1,99.0,G,7.059850261289976
1MNU_1,99.0,Y,6.793039437265294
2ORB_2,101.0,D,5.376083151948185
5F9O_1,101.0,D,5.298467560653281
1OAX_1,101.0,D,4.973737502636072
4HWE_1,101.0,D,5.275351083954544
3QEG_1,99.0,F,7.868357069314515
2O5X_1,99.0,V,6.461269716497902
4QTH_1,101.0,D,5.900225773141859
3A6C_1,101.0,D,6.4290027425652925
5B3J_2,99.0,G,5.82917347519155
4NYL_4,101.0,D,4.529813468176004
1FL5_1,97.0,S,6.620166538888346
5YWY_1,99.0,Y,8.528944409014448
2WUC_1,98.0,P,5.985546858254172
4M1D_1,99.0,M,9.414576008926899
4I77_1,99.0,P,5.52012085637142
4EDX_1,98.0,Y,7.598915538159637
1XGQ_1,101.0,D,6.508484524030808
5GS0_3,101.0,D,5.621113053256856
3KS0_1,99.0,Y,4.971243941267535
5I5K_1,99.0,S,7.332830108808708
5MES_1,99.0,T,5.7748398099019775
2XZC_1,100.0,H,6.745735054483973
5NPH_1,98.0,S,9.170027056423372
1QNZ_1,97.0,G,5.54779278517419
6BB4_1,101.0,D,5.503869086586694
4LSQ_1,98.0,R,6.017454605520375
5VTA_1,98.0,F,5.224245692406344
6EWB_1,98.0,S,7.923180949332877
6AMM_1,101.0,Y,4.197635961917595
6DDV_1,99.0,G,7.933947796551794
5CIL_1,99.0,G,12.040030591404662
5E8E_1,99.0,E,11.620672297921244
4WHT_1,101.0,D,3.8458973977302215
4OQT_1,97.0,D,6.487522967829993
1KCU_1,98.0,G,5.534292408937367
5MO9_1,98.0,W,7.209463799654113
5I8O_1,101.0,N,7.0964398788715775
3EYO_2,101.0,D,5.1238837781080555
1RZF_1,99.0,G,9.706851026338148
6R8X_1,101.0,D,5.435813962251784
3LZF_1,99.0,S,7.648522405569938
6BJZ_1,99.0,N,5.598311816254998
3LHP_1,99.0,G,11.780667169328428
1T3F_1,99.0,W,6.382041732138434
4Y5V_1,98.0,G,5.337675838521625
6NB3_1,99.0,G,8.80779194989825
5DUR_1,99.0,T,6.969899323313814
4LLU_1,101.0,D,5.31209314679794
5TUD_1,100.0,T,5.929331923036947
6N7U_1,,,
3GGW_1,101.0,D,5.140458678842871
2IGF_1,101.0,D,5.339194538440604
3IY7_1,99.0,G,7.742486404232117
4Q0X_1,99.0,G,5.192729469722395
5WOB_4,101.0,D,5.320635460344308
6E56_1,99.0,Y,7.751867287320735
4O9H_1,99.0,G,10.602650611837152
5XCT_1,98.0,G,5.215069107921816
5CEY_2,99.0,Q,5.578585464737291
6DB7_1,100.0,T,8.253251196904923
3PHQ_1,99.0,G,7.841104905409439
5OD8_1,99.0,P,8.27855358806371
5XHV_1,99.0,D,6.553130288158217
3NAB_1,99.0,G,9.724721677585514
4F33_1,101.0,D,5.242585470791944
5Y9K_1,101.0,S,4.0509221822870245
3CFB_1,98.0,R,7.089483597450216
4XP4_1,99.0,Q,6.88434105472197
3IFO_1,99.0,P,6.271785592783249
4QHK_3,98.0,N,6.497029256588729
4DGV_1,99.0,V,7.1489703650305225
4M8Q_1,99.0,G,11.814175443572253
4YC2_2,99.0,R,8.754919111072365
1DSF_1,99.0,Y,4.655127954294493
4XMM_1,97.0,A,5.86410689326888
1NL0_1,101.0,D,5.040321884924671
2HRP_1,99.0,E,9.578679972340048
3S34_1,98.0,A,5.394675692454917
6MID_1,101.0,D,5.328662536707027
4PTU_1,99.0,C,9.932964791452783
4IOF_1,101.0,D,5.2094399717388855
4XCN_6,99.0,G,11.216161081103694
4HS8_1,101.0,D,5.331186785678344
5I1L_1,101.0,D,5.234367653711799
4FQI_1,98.0,Y,4.825612938094215
2G60_1,98.0,A,6.294677262675944
5D6C_1,97.0,G,5.777466263111734
5XAJ_1,97.0,P,5.549923480585613
4JPI_2,99.0,D,4.856865190034726
5GIR_1,101.0,D,4.301307483763975
4IOI_1,98.0,D,8.61179397745008
4V1D_1,101.0,D,5.542491009282581
4KI5_2,101.0,D,5.703187430900009
5TDN_2,96.0,A,5.671526325928874
4OLW_1,99.0,T,8.740847462096351
2XZQ_1,99.0,G,5.23704056779455
5IBU_1,99.0,R,5.55374205796564
3IY0_1,101.0,A,4.068054778575228
4R7N_1,101.0,P,6.380800685283805
2W9D_1,98.0,D,6.792749852428683
5FHB_1,101.0,D,4.5777610392206265
5UMI_1,99.0,W,5.298231782479426
5IQ9_1,99.0,Y,6.7477415509440295
1MVU_1,98.0,Y,6.383088985574005
4ZS7_1,101.0,D,5.184074581586907
5UWE_1,99.0,F,8.815465532818033
4HS6_1,98.0,S,6.863808246674269
5TDO_1,97.0,G,5.0735933107673565
6EMJ_2,101.0,D,5.088654736357734
4JPW_1,101.0,H,3.9849243173607523
1YEC_1,100.0,V,7.207566257073099
1FH5_1,96.0,A,6.057404415560504
1FN4_1,100.0,Y,7.533192155139431
4NWU_1,101.0,D,4.282539194164344
2LTQ_2,101.0,D,5.130815985716065
5B4M_1,101.0,D,4.459438994958064
5EOQ_1,99.0,Y,5.6446379570867355
4XVT_1,99.0,T,8.331165455387353
1C5D_1,99.0,N,5.920198630224809
3G5Z_1,101.0,P,5.986147739158233
2JIX_1,97.0,L,5.123067996029926
4HK0_1,101.0,D,5.300554707547308
1L7I_1,101.0,D,5.4077743638167926
5MO3_1,101.0,D,5.460124911934003
5W23_1,97.0,T,5.956414740366884
3NCJ_1,99.0,G,9.33263657703528
5D9Q_1,99.0,R,6.186235039383492
5LDN_1,99.0,F,4.451350769592242
3RA7_1,101.0,A,4.230187592413265
6AZX_1,99.0,E,10.119897926124645
4N9G_2,99.0,M,7.00331838654152
4QHU_1,97.0,T,5.191500365077367
3T65_1,101.0,S,5.776839075062135
6FGB_1,101.0,L,6.429395615494553
3HC3_1,98.0,G,5.6783200329014525
1Y0L_1,101.0,D,4.998877388475821
4F2M_1,98.0,R,4.748553870888056
5O6V_1,101.0,A,5.045905334325323
4NZR_1,99.0,D,8.569258541395293
5YUP_1,101.0,D,4.764705161109283
6ORP_1,101.0,D,6.932940819795482
5BK1_2,98.0,S,5.674256656209718
4RNR_1,102.0,P,4.476525011236208
1R24_1,99.0,T,6.294757683529555
6FLB_1,99.0,A,5.164627737147327
3LS5_1,101.0,D,5.278747508283587
6FLC_1,101.0,D,4.8028832205443726
2HFF_1,98.0,A,6.234280307999189
5V7U_1,100.0,T,7.809659849637109
5X4G_1,101.0,E,4.949184568306725
3OKD_1,101.0,A,6.104498187975874
1NBV_1,99.0,T,7.393721810139168
4ENE_1,99.0,Y,9.53716176207133
5XBM_1,101.0,D,4.902242203558623
3EOT_1,101.0,D,4.945456850710751
3U0T_1,98.0,L,8.263882595416778
3RKD_1,98.0,V,5.323354921932738
4NM4_1,101.0,G,5.661538567277041
5GGV_1,101.0,D,5.062942609801619
1QFU_1,101.0,D,5.864045741073116
1IAI_2,99.0,E,10.033016635087302
6DZN_1,101.0,D,5.247544951015901
4NRY_2,99.0,G,8.238380831932432
1YEJ_1,100.0,V,7.22095021370555
6FBJ_1,101.0,A,6.725525902129508
4LSP_1,98.0,R,6.867618748264747
6GG0_1,99.0,G,8.183601507334078
5FGB_2,99.0,S,6.936754252185048
5T1D_1,97.0,A,5.396356650502713
3B2U_1,99.0,G,6.907137775793785
1DN0_1,101.0,N,4.47000474003863
6GLX_1,101.0,D,5.18222866161768
1NMC_1,101.0,D,5.0262713037535365
3MO1_1,101.0,L,5.2001821842221165
2DQC_1,101.0,D,6.446830937927932
6FOE_1,99.0,Y,4.975585512519814
3JCX_1,101.0,P,8.400728432459525
5KG9_1,101.0,D,5.198273524503194
5IK3_2,100.0,N,4.243181339714871
6AQ7_1,101.0,D,5.227417888853327
5GS1_1,99.0,W,7.550306120880473
5UOE_1,101.0,D,5.136305266672827
6N35_1,98.0,D,10.545859018040817
6IEC_1,99.0,Y,4.903403019240765
5FUZ_1,97.0,P,4.988159570445272
3NH7_1,99.0,V,7.711643755092042
5TBD_1,101.0,L,4.977724332421408
2FJF_1,99.0,L,7.458493990733898
5XAJ_2,101.0,D,5.039001947813498
5W9I_1,99.0,V,10.338918207218812
3J42_1,97.0,N,6.797282136414485
1RHH_1,101.0,D,5.137473682867951
4K7P_2,98.0,L,5.797459920044762
2I9L_1,101.0,A,4.413439838469637
5U15_1,101.0,D,5.8085793645932275
5HBT_1,98.0,I,4.72125636988442
6H3H_1,99.0,Y,7.5712028653122285
4HF5_1,99.0,G,8.903736526002023
4P3C_1,98.0,G,5.8902654944042885
4LLU_2,101.0,D,5.3677563102936405
3BKY_1,99.0,S,8.451637140553544
2ADF_1,99.0,Y,7.915749038198637
5WKZ_1,101.0,D,4.918174363105927
1KB5_1,101.0,D,4.472685470763578
4YDL_1,97.0,A,5.226283439953273
5VEB_1,101.0,D,5.191819593120958
3WSQ_1,99.0,Y,4.990635559876897
6CW2_1,99.0,F,7.702634559868757
1AD9_1,99.0,Y,6.965679528593943
4D3C_1,101.0,N,6.0317587961204735
4LLV_3,97.0,T,5.601065769494715
4FQQ_1,99.0,K,5.884112964348689
1FVD_1,97.0,G,5.316872223412376
3G6A_1,101.0,D,4.705731095004622
5XCU_1,99.0,D,7.654413632336529
5HDQ_1,101.0,D,5.773383628477023
6AD0_1,101.0,D,5.755202169944064
4S1R_1,99.0,C,8.980852824108064
3GHE_1,99.0,Y,7.26438269218702
5VSH_1,101.0,D,5.341638018325656
6BE3_1,99.0,Y,8.038042649038074
4FAB_1,98.0,G,5.922220706136624
6AXK_1,99.0,D,9.0749763874365
1NDG_1,101.0,T,6.512194987634825
4QHM_1,102.0,N,4.363451053590673
2J6E_1,97.0,P,6.57530525983204
5ESZ_2,101.0,D,5.927660617633026
3NZ8_1,99.0,N,8.0242836173258
4UAO_1,99.0,G,7.474089055396324
1NCW_1,100.0,G,5.742823812928721
4HG4_2,101.0,D,5.203323897636355
3BQU_1,99.0,T,6.455548103416907
2IPT_1,99.0,T,6.711231214075905
5VXR_1,99.0,S,6.224680519124991
4YHL_1,101.0,D,4.220977158648592
3WFD_1,99.0,G,5.094871878213392
3VRL_1,98.0,N,6.571771435092989
3KYM_1,101.0,D,5.11395857217014
3BSZ_1,100.0,G,5.489774758572965
6DEZ_1,98.0,Y,6.1524538504001125
1DL7_1,97.0,G,5.211668421801368
3EYS_1,99.0,T,6.48317532329587
3BN9_1,99.0,Y,7.656967732021611
4XGZ_1,98.0,G,5.246173248701687
1CFV_1,99.0,V,7.1513239485121165
5I18_1,101.0,D,5.22949280415173
4IML_1,101.0,D,5.076449475488647
6CYF_1,99.0,P,8.354878003772729
6DC9_1,97.0,N,6.761921411324294
4OAW_1,98.0,D,6.003630033485737
2G75_1,98.0,M,5.38935051163403
4J4P_1,99.0,S,10.820823389001887
3LMJ_1,97.0,N,5.419826860006042
6I04_1,99.0,L,5.247175525307268
4UT7_1,101.0,D,4.892660353211222
5D72_1,101.0,D,5.602607008929581
1NGQ_1,101.0,D,5.424246447913558
3MUG_1,99.0,P,8.176947212108768
4LSR_1,98.0,R,6.507904782991337
5WOB_6,101.0,D,5.369563384899987
6AL4_1,99.0,T,6.3499502959520235
4M5Y_1,99.0,G,7.8288845252819295
4NJ9_1,101.0,D,5.227976914067304
8FAB_1,101.0,D,4.931829947788641
5GMQ_1,97.0,G,5.346052308536132
5WAW_1,101.0,A,6.285348210331276
4LIQ_1,99.0,Y,6.30832588786535
3G5X_1,97.0,R,6.004019556474094
4RZC_3,101.0,D,5.163478122178368
5V6L_1,99.0,S,7.329617188607157
4AL8_1,98.0,H,5.980166219195032
3SKJ_1,99.0,Y,7.510563723000124
5C0N_1,99.0,G,9.347663325190336
5EA0_1,98.0,A,5.963874584271664
4MWF_1,99.0,R,5.808479438049289
4QYO_1,97.0,V,4.904262402101624
1OPG_1,101.0,D,5.033040054337324
5WK2_1,101.0,D,5.215805807997491
2XRA_1,98.0,S,6.611230931502407
3WII_1,99.0,V,6.149517725701081
2AJ3_1,98.0,H,5.556058930204185
1J1P_1,101.0,D,6.460208830887616
4OII_1,101.0,G,5.324306823566702
1FOR_1,99.0,P,6.659412666143264
1PLG_1,98.0,F,5.913442192262187
3SE9_1,101.0,D,5.483422474664175
4NKI_1,101.0,D,5.099060321202128
4IMK_1,99.0,Y,7.384512117557762
5WL2_2,101.0,D,4.756726079491695
6IAP_1,98.0,R,7.263841232664697
5N4J_1,97.0,D,5.637210902719088
2IQA_1,99.0,V,7.947181753364421
4M8Q_2,99.0,G,11.81897892838926
4XVJ_1,101.0,D,5.416052005522709
5I1K_1,98.0,E,5.85572338532648
4JDV_1,98.0,C,5.250609342083363
5CEY_1,99.0,Q,5.9142356210728515
5DFV_1,97.0,K,4.9315271998557195
5DD0_1,101.0,D,6.082144338780929
1JGU_1,101.0,D,5.642194051402899
5V2A_1,99.0,E,5.254872538002698
5MVZ_1,98.0,L,6.387042023630187
1A7R_1,99.0,R,5.568770644420154
6GFF_1,98.0,Y,5.965580028193446
1MLB_1,98.0,N,6.661425264738755
5VJQ_1,101.0,D,6.496725693225921
6AZZ_1,101.0,D,5.099002826099003
3U2S_1,99.0,P,7.747093139476923
5KEM_2,98.0,E,5.39822106662536
3J70_1,99.0,L,5.645124231942657
3OAU_1,98.0,D,10.59764930829103
1G9M_1,99.0,E,7.508454310651035
5YY5_1,101.0,Y,3.6953638748308215
5W6C_1,101.0,D,4.118243285572768
5A3I_1,99.0,S,5.797589956736552
5VYF_1,101.0,D,5.81927506945239
1MFA_1,101.0,D,5.238179385169491
4XTR_1,101.0,D,5.0672887632488655
4V1D_2,99.0,S,6.199328076856871
3UJI_1,99.0,G,7.186226985410595
1W72_1,101.0,D,5.005442218903743
4UIK_1,101.0,D,5.009651501017138
3GJF_1,99.0,Y,6.357088868037197
1A4J_1,99.0,R,6.065763582971202
2B2X_1,101.0,D,4.3239280438875145
1KEG_1,99.0,K,9.130247487333842
5VQM_1,99.0,S,6.508471297690907
4FQ2_1,101.0,D,5.3330020483457
4MHH_1,101.0,D,5.232949861390195
3SGE_1,101.0,T,4.699083641848782
3J8W_1,101.0,A,5.5013920556342315
6BGT_1,101.0,D,5.00594188535875
6BPC_1,101.0,D,5.451727262337799
5WI9_1,99.0,A,6.606178698960613
3GBM_2,101.0,D,4.707481213730586
4QEX_1,98.0,A,5.323767044174417
2QQK_1,99.0,N,5.070676411773583
1CLO_1,101.0,D,4.963985892388883
4ZYK_2,99.0,D,5.965358175078718
5I1J_1,101.0,D,6.098706846057319
3J6U_1,98.0,L,7.505928546598841
5VOD_1,101.0,H,5.28877979473825
4YFL_1,101.0,D,3.9676406909423085
4H8W_1,99.0,G,6.368840486617905
4J1U_3,104.0,G,2.3366566067302297
6D11_1,97.0,G,5.47918054487214
1R70_1,101.0,D,6.144233202777833
5DRX_1,,,
3U9P_2,99.0,S,5.959290560896346
3TT1_1,101.0,D,5.577573215350279
4DTG_1,99.0,D,8.23269019413303
5X8L_1,98.0,P,6.202182801074106
1ZVO_1,100.0,Y,6.413765666220346
5U3O_1,98.0,T,5.866076444608382
2CMR_1,99.0,L,6.915429972470572
4CAD_1,97.0,A,4.792029528769522
1KIQ_1,99.0,R,5.449466644472928
5JHL_1,99.0,A,6.011883151507195
6MTS_1,101.0,D,4.827158135997291
4Z5R_1,99.0,F,6.019384141975903
5NJ6_1,99.0,G,7.344483955108575
5BK1_1,98.0,S,5.673270917416445
3R06_1,98.0,D,7.125691418477556
5I17_2,100.0,G,5.4818458144214794
3Q6F_1,101.0,D,4.365920012223801
3MCK_1,101.0,A,5.130393837243941
6NZ7_1,99.0,F,6.486814872971551
5AWN_1,101.0,H,4.814470935352414
5VCN_1,101.0,D,4.984176315090937
5DRW_1,101.0,D,6.046890178023394
3S35_1,98.0,T,5.237625415467973
5W05_1,98.0,Y,5.859171851019073
1D5I_1,100.0,F,6.832793153035062
1IGJ_1,99.0,K,6.594138185216191
3V7A_1,99.0,A,6.751265042180486
5XCR_1,98.0,G,5.270839900494907
6AO0_1,97.0,E,6.828859228602086
3DUR_1,99.0,A,6.471200209063828
4JO4_1,101.0,D,5.175820618089938
5NYX_1,99.0,V,6.773676969052302
6I9I_1,99.0,P,9.098397126461416
5JRP_1,101.0,D,5.249250626754503
1FJ1_1,101.0,D,4.65706224037742
6HKG_1,101.0,D,5.370615380499725
5LCV_1,101.0,D,4.943770842982067
3C09_1,99.0,Y,8.190874615223334
6QN9_1,101.0,D,5.178958520296054
5T6P_1,98.0,G,5.426192600737927
3QCU_1,98.0,Y,5.548873411191715
5AZ2_1,99.0,P,8.746259246858651
4O02_1,99.0,G,7.322339734351925
2DTM_1,98.0,Y,6.43144230373021
5BK5_4,99.0,E,10.933456572129106
1NLB_1,98.0,R,6.062173868385148
2VH5_1,97.0,F,5.323258447002116
4G80_1,101.0,D,5.581292809879554
5BZD_1,101.0,D,4.8605220797139514
1FPT_1,101.0,D,5.0021277310883345
5KEL_1,100.0,R,5.347509281025857
4RGO_1,97.0,Y,4.16497799785038
2XQY_1,98.0,V,5.973799679610468
6CDM_1,101.0,D,6.197636055939466
1NDM_1,101.0,D,6.274023461194887
4HIH_1,98.0,D,8.075608140615572
2V17_1,99.0,A,4.004462673593546
4LSU_1,97.0,R,5.687999812193525
6NCP_1,99.0,R,5.1993049303872585
6BKD_1,99.0,S,9.82860843070694
1CZ8_1,99.0,Y,8.954981169446214
2VXT_1,101.0,R,3.9028711562649865
6B14_1,99.0,R,7.891587728069211
4GLR_1,99.0,S,5.747843130644821
6DLA_1,97.0,L,5.052829113147811
3SO3_1,101.0,D,5.143113872950367
4JY5_1,99.0,R,6.540664643836982
5V7R_1,101.0,D,5.648128546007635
3L95_1,101.0,D,5.096795457559263
1AY1_1,99.0,Y,6.4531616930609585
6B0W_1,101.0,D,4.279724908586142
4FFW_1,99.0,F,5.22167172996039
5E8D_1,101.0,V,6.364865813357711
5OTJ_1,99.0,S,9.102993977138357
4QCI_1,101.0,D,4.649656624798355
6EA7_3,101.0,D,5.013784762354296
3MJ8_1,99.0,Y,6.808148717382641
4LEX_1,98.0,S,5.677174179434168
4G6M_1,99.0,P,6.925530264590207
5CIN_1,99.0,G,11.662076140689352
5FCU_1,101.0,D,5.4277515398443805
6QN7_1,101.0,D,4.772536615372933
5GGS_1,101.0,D,5.04796109223389
4X80_1,98.0,Y,8.090450398702695
4M1C_1,99.0,Y,5.831039902326411
1IQD_1,99.0,A,4.609116875505174
5C0R_1,97.0,G,4.567285763685883
1YNL_1,101.0,D,5.63320569442398
1G7I_1,99.0,R,5.299199504931386
1GAF_1,101.0,I,5.367789330618069
1Q9W_1,101.0,D,5.7862197403012665
6D2P_1,99.0,D,6.611267286073032
1IGC_1,99.0,P,8.685702390561296
5DD5_1,101.0,D,5.706353518699694
5TZU_1,98.0,G,5.955718438041972
6APB_1,99.0,D,6.54788224760693
6A3W_1,101.0,D,5.748143031170631
1IKF_1,99.0,D,9.96381399804425
5CD3_1,100.0,Y,4.993686100872097
5EII_1,99.0,A,5.1443785806938465
3N9G_1,101.0,K,4.381305756537722
6OTC_1,98.0,W,8.367528077357356
6D6U_1,97.0,L,6.346665181784187
2ZCH_1,99.0,F,6.110628231288343
5ZIA_1,101.0,D,4.209492387908057
3TT3_1,99.0,A,5.406707314739017
3O2D_1,101.0,A,4.7430051838038105
4OCS_1,99.0,Y,6.425409419516135
3MLW_1,99.0,D,13.874808285109376
5YY5_2,101.0,Y,3.735234652235158
5L0Q_1,97.0,Y,5.6847132619293745
6MEG_1,99.0,R,7.067034776030054
32C2_1,100.0,S,6.5395911229052395
5TZT_1,98.0,H,6.510521735503069
5UKQ_1,101.0,D,5.388258314325444
6DCA_1,101.0,A,6.3594539013009515
1A2Y_1,99.0,R,5.401207786483195
5XXY_1,99.0,G,6.1485057173017115
3MAC_1,98.0,T,6.637499522279362
2UUD_1,99.0,G,5.774117466293598
6DFJ_1,99.0,G,5.350413984846145
4AT6_1,98.0,G,6.030224998878191
5XKU_1,101.0,D,4.501644542024025
3IY3_1,99.0,E,6.178042944804833
4RAU_1,98.0,L,6.540203091072001
6BLA_1,99.0,G,6.406861147869726
6II8_1,101.0,D,5.661015291980394
5W3M_1,97.0,D,5.467577083361294
4HDI_1,98.0,S,4.893231988618147
5TZ2_1,101.0,D,5.558104878451004
1ETZ_1,99.0,Y,5.9742476824632895
4X7S_1,99.0,F,6.8746663898808915
5ALC_1,101.0,A,4.315314903147245
4UT6_1,99.0,Y,4.929910454159814
1R0A_1,99.0,S,6.960567594706231
5JO4_1,99.0,Y,6.8553179697719475
4M43_1,101.0,A,4.14311056649159
6F7T_1,101.0,T,3.7816011916215153
5BV7_1,99.0,C,7.738903023067529
5FHA_1,101.0,D,5.0935434884432205
4Q6I_1,99.0,S,7.177324257071641
4RDQ_1,101.0,D,5.203534360379596
1J1X_1,101.0,D,6.480072476519992
5I8K_1,98.0,A,8.365209763079234
1RMF_1,99.0,L,9.297149473954805
4YK4_1,99.0,F,9.315066230094883
3FO9_1,98.0,S,6.491757826078651
5VTA_2,101.0,D,5.444170705216498
5W6G_1,102.0,S,4.076769862579018
5OB5_1,101.0,A,4.6479147724441665
4KQ3_1,99.0,Y,5.799759135812594
2R0Z_1,99.0,T,7.194440338458737
6CEZ_1,99.0,S,8.229101292558788
3PIQ_1,101.0,D,4.742349573464274
2QHR_1,99.0,G,6.224148343877868
4FZE_1,101.0,H,5.371556562456589
3S62_1,97.0,D,5.123856976562851
5MHR_1,97.0,Y,5.783103610560643
models.fails,,,
4JZO_2,101.0,D,4.6891186390948
1AI1_1,101.0,D,4.793780088563414
6D9W_1,97.0,P,5.409468208208308
5CCK_1,98.0,P,4.838400166459319
6NB5_1,98.0,Y,5.928064732267915
4HFW_1,101.0,D,5.193557320765066
6MTT_1,99.0,W,5.003917556788492
4IJ3_1,101.0,A,4.495998329866281
4OM0_1,99.0,T,8.43080239266918
5T4Z_1,101.0,D,5.2815165615833415
5H2B_1,98.0,Y,7.961573518122598
2Z4Q_1,98.0,P,6.9254295760335545
6D0U_1,99.0,Q,6.350370395076916
4NRX_2,99.0,G,8.93077686029149
5DRN_1,99.0,M,6.94489477930332
5MYO_1,99.0,E,7.531046010809541
4LSS_1,101.0,E,4.402988277542029
1LK3_1,101.0,P,6.441270957643326
1NMB_1,101.0,D,4.672496628256961
4KTD_1,99.0,L,7.137297488228783
5OPY_1,99.0,S,5.673047272021901
5CMA_1,101.0,A,5.909108430745022
6N5E_2,98.0,Y,6.294657755184552
1I8K_1,101.0,D,5.0675291851134325
4YHO_1,101.0,D,4.382889082897543
4JQI_1,101.0,D,4.8898641448164
4OLV_1,99.0,T,8.191992045745588
4YE4_1,99.0,F,7.194620885336347
6CDO_1,101.0,D,5.9119279871065284
5GJS_1,99.0,T,8.191900008774995
6CA9_1,100.0,D,8.985829100453293
5TIH_1,97.0,R,5.2883049467649235
3E8U_1,98.0,F,7.0445694962380765
1TZH_1,98.0,A,6.529901809516005
6H5N_1,99.0,S,4.643327601065382
1UB6_1,98.0,R,6.703114284964161
1F11_1,99.0,T,5.2769782722273515
4BKL_1,101.0,D,5.375419148745875
5VKK_1,98.0,T,7.768707220367314
1NCB_1,101.0,D,5.533810737763842
4MXV_1,99.0,P,5.824072000502769
6ARP_1,101.0,A,4.483653410965576
1PG7_1,99.0,Y,6.689466325411937
6E65_1,99.0,S,5.772585867783613
1BZ7_1,99.0,T,7.225328568176741
2OTU_1,99.0,V,4.633000235990841
4LKX_1,98.0,D,6.687826431498397
2AEP_1,101.0,D,4.891126916247957
6APD_1,100.0,T,6.68667662529135
6B0A_1,99.0,F,10.290646495193451
3U9P_1,99.0,S,6.08539655105287
6E3H_1,101.0,D,5.955488198592109
1XGP_1,101.0,D,6.556356858093938
3CXD_1,101.0,D,5.668838758293606
2Q8A_1,101.0,H,3.5748677265987565
1RIH_1,97.0,P,5.179585105995172
4LLV_2,99.0,G,7.146437961130259
6BSP_1,98.0,Y,7.042670017165309
5I1I_1,100.0,G,5.658566523903442
1F8T_1,100.0,W,5.600746932066
5KVD_1,101.0,D,5.524103889543012
3S96_1,98.0,N,5.23602356381849
1CE1_1,99.0,A,8.199204263528054
3N85_1,99.0,A,5.576028984304379
5XCV_2,99.0,Y,5.652386801659506
5W08_1,99.0,M,5.6343061811139075
5EOC_1,101.0,T,4.649812995826628
4IOF_2,99.0,Y,5.163920217549711
5TKJ_1,101.0,D,5.863937894002271
3UC0_1,99.0,T,9.02595281100188
4ORG_1,101.0,D,5.2147875064431375
2AAB_1,98.0,V,7.880085840517051
5UG0_1,98.0,E,6.146407404971555
5WCD_1,99.0,R,5.795084775643662
3CMO_1,101.0,D,5.928087189977706
1CT8_1,99.0,E,6.389546017782812
5J3H_1,99.0,S,6.102743916788967
5TPP_1,99.0,S,6.275289159572939
5KW9_1,99.0,R,6.26366124710137
4UU9_1,101.0,D,5.645690045941375
1IGY_1,101.0,P,5.022070260535332
4N9G_4,99.0,M,7.268452955179673
5WTG_1,99.0,V,8.15790772004859
6GK7_1,101.0,D,6.002447130976963
5C8J_1,99.0,Y,5.564866414048349
6OBZ_1,99.0,L,5.205877018109251
5OCA_1,101.0,D,5.010130621804226
6MV5_1,101.0,V,6.012549605694733
5Y2K_2,101.0,D,5.187294633097801
1KNO_1,100.0,S,9.151018129577482
5TF1_1,101.0,A,4.362639009985589
1FGN_1,98.0,Y,5.710805688381022
5ADO_1,97.0,N,6.8754333184601135
1ZAN_1,99.0,S,5.8478076689791925
3G5Y_1,101.0,P,5.733179252209794
2G2R_1,99.0,A,7.1789977231439375
6BFS_1,99.0,G,5.129999118594204
1D5B_1,100.0,F,7.063851523302332
5KN5_1,101.0,A,5.754088861186388
3EO0_1,99.0,V,5.902219822648849
5TQQ_1,101.0,D,5.467983452645036
2UYL_1,99.0,R,5.991842017707431
4FQQ_2,99.0,K,5.744395907664982
3CLF_1,99.0,L,6.971922008873974
5I1A_1,99.0,Y,6.757411526767653
5UEM_1,101.0,D,5.195978709390699
4YAQ_1,99.0,P,7.507944399920495
5X2N_1,98.0,G,6.2049993981449445
1FNS_1,101.0,D,4.615591249747301
5SX5_1,101.0,D,5.411754323359543
4RIS_1,98.0,R,6.367547724185597
5FYL_1,99.0,R,6.446290817326227
3DUU_1,99.0,V,6.775879284199591
3OPZ_2,101.0,D,5.717351684032891
1T4K_1,99.0,G,6.7224490622714725
5UTZ_1,101.0,D,4.097026638649194
2Y06_1,99.0,G,5.83913555247887
1IGM_1,101.0,D,4.878833350450733
1IND_1,101.0,V,5.107904098371158
6MJZ_1,100.0,W,5.268341636506063
4M6O_1,98.0,S,5.281715468909112
1IBG_1,101.0,D,5.230805644624814
3IF1_1,99.0,N,5.45197865278644
4TRP_1,101.0,E,4.263372253976477
4O5L_1,98.0,T,5.461165892691929
5W06_1,97.0,Y,5.4962758563228755
6R2S_1,99.0,A,5.96033231304542
6DDR_1,99.0,Y,6.04601852152574
3V4U_1,99.0,Y,5.5494231083065335
5ZV3_1,98.0,P,5.145575761467464
2OR9_1,99.0,Y,8.136681877087716
3FFD_1,98.0,M,5.291617423556594
4H20_1,97.0,L,5.79961428167574
5I1G_1,99.0,Y,6.587788611428144
4ODX_1,99.0,G,11.21813839767952
5DMI_1,99.0,N,7.334319560838449
4NYL_1,101.0,D,4.5433563706290405
5TR8_1,101.0,D,5.203452739965971
4NRY_1,99.0,G,7.980254642280707
5ODB_1,99.0,A,5.4713547915212235
5BMF_1,101.0,D,5.254582338094779
4UIF_1,101.0,D,5.156558384714369
1JHL_1,101.0,D,5.278439945991825
1I9J_1,101.0,A,4.348932210313737
3IY2_1,99.0,T,5.146321620549165
1B2W_1,98.0,P,6.234420245515162
4EBQ_1,99.0,Y,5.103151002217093
3VI3_1,101.0,D,5.695508149472632
6MEF_1,99.0,R,5.224897751053829
5IIE_2,101.0,D,5.459066428023438
1GIG_1,99.0,Y,9.59826495096009
1UWE_1,99.0,F,5.889308140039916
2ZPK_1,98.0,G,5.252973809553479
5GZN_1,101.0,D,4.3673069155084665
4DN3_1,101.0,D,5.033913755531119
5BK5_1,99.0,E,10.899653966308135
6DB8_1,99.0,R,8.287697852461163
6DC8_1,99.0,Y,11.108883522908895
4AEH_1,99.0,Y,7.2146552328140325
1F4W_1,99.0,V,5.525525874440154
5JW5_1,99.0,T,7.771412788558072
3NFS_1,98.0,V,6.721293207928748
1A0Q_1,98.0,V,10.175740887802144
1N0X_1,99.0,S,6.918168416388782
5W1K_1,99.0,C,7.675120705876066
6B9J_1,99.0,I,5.061880624639717
1TZI_1,99.0,Y,6.894283819735147
4YUE_1,99.0,Y,9.471756387491988
1YUH_1,99.0,R,5.628658194334791
4BH8_1,99.0,G,7.215127879062464
5NUZ_1,99.0,T,8.783146706769015
4EDW_1,98.0,W,7.466117337657127
2EH7_1,97.0,D,5.393330719504474
3NTC_1,99.0,Y,4.703989804564329
1U6A_1,99.0,A,6.113817991602379
5D8J_1,99.0,Y,6.327581824833452
4JKP_1,99.0,T,8.528606977022056
1BLN_1,99.0,E,6.346915390723705
5GKS_1,99.0,L,5.6471030155640545
3QNZ_1,102.0,Q,3.517913484129436
1OAX_4,101.0,D,4.973737502636072
4MAU_1,99.0,S,5.762817904143542
5D7S_1,101.0,D,5.487939468276129
5WCC_2,98.0,H,6.736121287625702
5VK2_1,101.0,D,5.214773581997095
4YHY_1,99.0,G,8.573103404301929
3GIZ_1,101.0,D,4.933883530337726
6AZ2_1,98.0,T,4.873386398593226
4ISV_1,98.0,Y,9.444133111613425
4K9E_1,99.0,A,5.520294814435752
1OAY_2,101.0,D,5.214365081216543
3U9U_1,99.0,H,5.145091965477656
5VOB_1,98.0,L,5.150086585808716
2YPV_1,99.0,S,5.215417573389432
2AI0_1,97.0,F,5.192214211757111
6JMQ_1,101.0,X,5.0260473542047555
3TNM_2,99.0,R,8.090854383000183
5XCS_1,99.0,D,7.712189824842221
2V7H_1,99.0,A,6.375546101013202
4JLR_1,101.0,D,5.341671117576483
5DD6_2,101.0,D,5.659536516572828
3NAC_1,99.0,G,9.374614611662443
4LRI_1,101.0,D,5.003913788983503
5CZX_1,98.0,S,5.1996832459642635
5I9Q_1,99.0,Y,6.18688198315226
5W4L_2,101.0,Q,5.629734431813124
3D85_1,101.0,A,6.062241336032759
6CMG_1,99.0,E,8.016871461204104
1KCV_1,98.0,G,5.522724739527129
6ANA_1,98.0,T,7.982087766711214
1E4X_1,97.0,S,5.506580080483531
4TSB_1,98.0,G,4.809096875691472
5VIY_2,99.0,K,11.057948498386521
3HC0_1,98.0,G,5.699676385407717
6CJK_1,99.0,D,5.193792972222037
5DHV_1,101.0,T,4.756265959282502
3EO9_1,99.0,Y,6.681748430547405
5T5F_1,101.0,D,6.080947600839881
3WKM_1,99.0,L,5.5591210340495305
1IGT_1,99.0,Y,5.519425858069821
3UTZ_2,99.0,G,6.941935979205403
4WEB_1,101.0,D,4.54094720416823
4RAV_1,97.0,Y,5.494341452465745
6NN3_1,101.0,D,5.298325949119696
1FAI_1,101.0,D,5.005172138866771
3NCY_1,101.0,A,4.256218259332101
3U0W_1,101.0,G,4.761729541165197
5Y9F_1,98.0,Y,6.091136138801841
4HJ0_1,99.0,G,8.071983784554362
6N5D_1,100.0,A,5.499220500322884
4ODS_1,98.0,L,4.976268033768421
3UTZ_3,99.0,G,6.7404128244009
4KY1_1,97.0,W,5.695638571599572
4Z8F_1,98.0,A,5.33835968357809
4RGM_1,99.0,N,7.411937616572355
5IFA_1,98.0,S,5.932669410553048
3F12_1,99.0,L,6.13869380182427
4ZPT_1,98.0,S,5.405200729083699
4J1U_1,99.0,G,7.011240573266315
2AJV_1,100.0,N,7.096113217603529
1BBJ_1,97.0,Y,5.360872038685102
5OCK_1,99.0,S,5.676400887785159
4P59_1,99.0,G,5.639664335377887
4N9G_1,99.0,M,7.189474826497979
5WL2_1,101.0,D,4.796303562711884
4BH7_1,99.0,G,7.714039281029201
1JGL_1,98.0,N,7.3439411686754505
1A6V_1,101.0,D,5.759786268792507
5CHN_1,101.0,D,5.287209374921387
6AND_1,101.0,D,4.8323326829057
5I8C_1,101.0,D,4.78077111426223
4FQY_1,101.0,D,4.8075590001845026
6A0X_1,101.0,D,5.41291786252848
5TDN_1,101.0,D,5.189988075732095
1A7O_1,99.0,R,5.689996528417031
4QXG_1,98.0,E,6.946555062128805
4XML_1,101.0,D,5.549361710482723
3MCL_1,97.0,S,5.914618807275587
5TLJ_1,99.0,P,5.979835503671092
6BZY_1,101.0,A,5.446586337337723
5U3L_1,98.0,T,5.9763784434394225
5B8C_1,101.0,D,5.190017401054595
2G5B_1,99.0,D,7.7205440191633015
6DG2_1,101.0,D,5.277079825801822
3MLY_1,101.0,D,5.1425092359292055
2H1P_1,98.0,S,4.984304823547362
2EIZ_1,101.0,D,6.670819811239991
2YSS_1,101.0,D,6.4780340275454185
3HR5_1,99.0,A,5.300167730431276
5KVL_1,101.0,R,3.215101550992688
6EYN_2,101.0,A,5.007075394090801
3J8Z_1,97.0,A,4.990442577758953
1HI6_1,102.0,Y,3.763363317954279
5EOR_1,98.0,Y,6.4547242789206365
4M62_1,99.0,G,11.956991626450513
3QEH_1,101.0,E,4.65216181933945
1QGC_1,98.0,G,7.671142895145046
3UBX_1,101.0,A,6.183425638927571
5W0K_1,98.0,P,6.088289695939039
2DQH_1,101.0,D,6.542296181033685
3UJJ_1,99.0,G,11.191694070159327
4JFX_1,101.0,D,4.894026098103179
5I66_1,99.0,P,5.412020302155224
4YR6_1,101.0,D,5.831162510230121
1OCW_1,100.0,T,6.306288283872556
2FBJ_1,98.0,Y,5.723923499782019
1LO0_1,99.0,L,4.49298991757734
5UMN_1,99.0,Q,6.210530370533063
1ORS_1,101.0,D,5.360685016280876
5XQW_1,100.0,G,5.389345593868623
6DF2_1,98.0,A,5.5731887919296135
1F3D_1,97.0,D,6.01865270644856
4X0K_1,99.0,S,8.321401423756765
1QFW_1,101.0,D,5.116589094478699
1A7P_1,99.0,R,5.625726193148778
3CFD_1,101.0,D,4.812373888251451
4TSC_1,98.0,G,4.790307278874153
3HZY_1,99.0,G,5.876250513417661
5U3J_1,98.0,E,5.768876552647115
4U0R_1,99.0,Y,5.705484605027324
5T29_1,99.0,Y,6.861041676067173
5NMV_1,101.0,D,5.16913226779429
3H3P_1,99.0,G,12.352254893235083
4PB9_1,99.0,Y,6.8238260290082895
6N7J_1,99.0,H,9.380565027371851
1CIC_1,99.0,R,5.221880547951882
4UT9_1,99.0,D,6.58266485616048
2DQI_1,101.0,D,6.592557764280792
4OLX_1,99.0,T,8.472668082044878
1PZ5_1,98.0,V,7.716030845267609
6N5B_1,99.0,G,8.21265362466832
4RRP_1,98.0,T,4.977182437986398
1FVE_1,101.0,D,5.153354250944884
4QNP_1,98.0,Y,5.425899590587624
3C5S_2,101.0,D,5.197266032528287
6B0H_1,99.0,Y,8.663813859510824
6AMJ_1,98.0,P,7.529071277139218
5V6M_1,101.0,Y,4.268033234860299
4N8C_1,101.0,A,4.32644581297049
1UYW_1,101.0,D,5.027203986376696
4DCQ_1,98.0,N,5.352099208636729
5Y2L_1,101.0,D,4.6275407361795216
3LEX_1,98.0,L,4.524937447344254
5I1H_1,99.0,Y,4.835151171861502
5BK3_1,101.0,D,4.437117555730602
6HIG_1,98.0,Y,6.317183389091196
